geometry,OBJECTID,Shape,CAPTURE,ACQ_MONTH,ACQ_YEAR,RUN,RUN_ALPHA,PHOTO,F_PLANE,F,HAGL,SCALE,Shape_Length,Shape_Area,MISSING
Geocortex.Gis.Geometries.Polygon,1,,1951,NOV,1950,1,None,5058,0.23,0.305,3058,0,9223.66639231563,5317251.35721306,
Geocortex.Gis.Geometries.Polygon,2,,1951,NOV,1950,1,None,5059,0.23,0.305,3058,0,9223.66652615301,5317251.51151656,
Geocortex.Gis.Geometries.Polygon,3,,1951,NOV,1950,1,None,5060,0.23,0.305,3058,0,9223.66601842136,5317250.92611809,
Geocortex.Gis.Geometries.Polygon,4,,1951,NOV,1950,1,None,5061,0.23,0.305,3058,0,9223.66364197745,5317248.18616505,
Geocortex.Gis.Geometries.Polygon,5,,1951,NOV,1950,1,None,5062,0.23,0.305,3058,0,9223.66710307108,5317252.17666394,
Geocortex.Gis.Geometries.Polygon,6,,1951,NOV,1950,1,None,5063,0.23,0.305,3058,0,9223.67013627615,5317255.67382505,
Geocortex.Gis.Geometries.Polygon,7,,1951,NOV,1950,1,None,5064,0.23,0.305,3058,0,9223.67152133823,5317257.27074544,
Geocortex.Gis.Geometries.Polygon,8,,1951,NOV,1950,1,None,5065,0.23,0.305,3058,0,9223.67433386238,5317260.51346426,
Geocortex.Gis.Geometries.Polygon,9,,1951,NOV,1950,1,None,5066,0.23,0.305,3058,0,9223.67049663017,5317256.08928513,
Geocortex.Gis.Geometries.Polygon,10,,1951,NOV,1950,1,None,5067,0.23,0.305,3058,0,9223.66546017241,5317250.28246289,
Geocortex.Gis.Geometries.Polygon,11,,1951,NOV,1950,1,None,5068,0.23,0.305,3058,0,9223.66378490369,5317248.35095551,
Geocortex.Gis.Geometries.Polygon,12,,1951,NOV,1950,1,None,5069,0.23,0.305,3058,0,9223.66061142723,5317244.69206899,
Geocortex.Gis.Geometries.Polygon,13,,1951,NOV,1950,1,None,5070,0.23,0.305,3058,0,9223.65952404011,5317243.43835552,
Geocortex.Gis.Geometries.Polygon,14,,1951,NOV,1950,1,None,5071,0.23,0.305,3058,0,9223.65445619778,5317237.59536735,
Geocortex.Gis.Geometries.Polygon,15,,1951,NOV,1950,1,None,5072,0.23,0.305,3058,0,9223.64514736018,5317226.86268644,
Geocortex.Gis.Geometries.Polygon,16,,1951,NOV,1950,1,None,5073,0.23,0.305,3058,0,9223.63860424797,5317219.31877754,
Geocortex.Gis.Geometries.Polygon,17,,1951,NOV,1950,1,None,5074,0.23,0.305,3058,0,9223.63320307039,5317213.09146079,
Geocortex.Gis.Geometries.Polygon,18,,1951,NOV,1950,1,None,5075,0.23,0.305,3058,0,9223.63220368635,5317211.93920706,
Geocortex.Gis.Geometries.Polygon,19,,1951,NOV,1950,1,None,5076,0.23,0.305,3058,0,9223.63249095987,5317212.27040954,
Geocortex.Gis.Geometries.Polygon,20,,1951,NOV,1950,1,None,5077,0.23,0.305,3058,0,9223.63527973682,5317215.48570709,
Geocortex.Gis.Geometries.Polygon,21,,1951,NOV,1950,1,None,5078,0.23,0.305,3058,0,9223.63634708903,5317216.7163157,
Geocortex.Gis.Geometries.Polygon,22,,1951,NOV,1950,1,None,5079,0.23,0.305,3058,0,9223.63719101856,5317217.68934949,
Geocortex.Gis.Geometries.Polygon,23,,1951,NOV,1950,1,None,5080,0.23,0.305,3058,0,9223.63432661312,5317214.38684372,
Geocortex.Gis.Geometries.Polygon,24,,1951,NOV,1950,1,None,5081,0.23,0.305,3058,0,9223.63655833968,5317216.9599356,
Geocortex.Gis.Geometries.Polygon,25,,1951,NOV,1950,1,None,5082,0.23,0.305,3058,0,9223.63688424496,5317217.33569447,
Geocortex.Gis.Geometries.Polygon,26,,1952,JUL,1952,1,None,5011,0.23,0.3048,4581,0,13826.3509840047,11947998.8454448,
Geocortex.Gis.Geometries.Polygon,27,,1952,JUL,1952,1,None,5012,0.23,0.3048,4581,0,13826.4030045877,11948088.7524338,
Geocortex.Gis.Geometries.Polygon,28,,1952,JUL,1952,1,None,5013,0.23,0.3048,4581,0,13826.4536205819,11948176.2322076,
Geocortex.Gis.Geometries.Polygon,29,,1952,JUL,1952,1,None,5014,0.23,0.3048,4581,0,13826.5221735602,11948294.7131117,
Geocortex.Gis.Geometries.Polygon,30,,1952,JUL,1952,1,None,5015,0.23,0.3048,4581,0,13826.5834213145,11948400.5688162,
Geocortex.Gis.Geometries.Polygon,31,,1952,JUL,1952,1,None,5016,0.23,0.3048,4581,0,13826.6390332626,11948496.6843704,
Geocortex.Gis.Geometries.Polygon,32,,1952,JUL,1952,1,None,5017,0.23,0.3048,4581,0,13826.6856234559,11948577.2077455,
Geocortex.Gis.Geometries.Polygon,33,,1952,JUL,1952,1,None,5018,0.23,0.3048,4581,0,13826.739398869,11948670.1498819,
Geocortex.Gis.Geometries.Polygon,34,,1952,JUL,1952,1,None,5019,0.23,0.3048,4581,0,13826.7935298149,11948763.7068255,
Geocortex.Gis.Geometries.Polygon,35,,1952,JUL,1952,1,None,5020,0.23,0.3048,4581,0,13826.8577479028,11948874.698343,
Geocortex.Gis.Geometries.Polygon,36,,1952,JUL,1952,1,None,5021,0.23,0.3048,4581,0,13826.9103602519,11948965.6313705,
Geocortex.Gis.Geometries.Polygon,37,,1952,JUL,1952,1,None,5022,0.23,0.3048,4581,0,13826.9669877457,11949063.5045784,
Geocortex.Gis.Geometries.Polygon,38,,1952,JUL,1952,1,None,5023,0.23,0.3048,4581,0,13827.029587989,11949171.7012562,
Geocortex.Gis.Geometries.Polygon,39,,1952,JUL,1952,1,None,5024,0.23,0.3048,4581,0,13827.0825854933,11949263.3011785,
Geocortex.Gis.Geometries.Polygon,40,,1952,JUL,1952,1,None,5025,0.23,0.3048,4581,0,13827.149598081,11949379.1250103,
Geocortex.Gis.Geometries.Polygon,41,,1952,JUL,1952,1,None,5026,0.23,0.3048,4581,0,13827.2190264743,11949499.1249477,
Geocortex.Gis.Geometries.Polygon,42,,1952,JUL,1952,1,None,5027,0.23,0.3048,4581,0,13827.272536901,11949591.612705,
Geocortex.Gis.Geometries.Polygon,43,,1952,JUL,1952,1,None,5028,0.23,0.3048,4581,0,13827.3452453204,11949717.282838,
Geocortex.Gis.Geometries.Polygon,44,,1952,JUL,1952,1,None,5029,0.23,0.3048,4581,0,13827.4015569276,11949814.6130432,
Geocortex.Gis.Geometries.Polygon,45,,1952,JUL,1952,1,None,5030,0.23,0.3048,4581,0,13827.4648177074,11949923.9547905,
Geocortex.Gis.Geometries.Polygon,46,,1952,JUL,1952,1,None,5031,0.23,0.3048,4581,0,13827.5277114791,11950032.6626999,
Geocortex.Gis.Geometries.Polygon,47,,1952,JUL,1952,1,None,5032,0.23,0.3048,4581,0,13827.5884835095,11950137.7037353,
Geocortex.Gis.Geometries.Polygon,48,,1955,OCT,1955,1,None,5025,0.23,0.25602,2548,0,9156.34077345408,5239911.02234598,
Geocortex.Gis.Geometries.Polygon,49,,1955,OCT,1955,1,None,5026,0.23,0.25602,2548,0,9156.29502633175,5239858.66293004,
Geocortex.Gis.Geometries.Polygon,50,,1955,OCT,1955,1,None,5027,0.23,0.25602,2548,0,9156.25472234285,5239812.53361812,
Geocortex.Gis.Geometries.Polygon,51,,1955,OCT,1955,1,None,5028,0.23,0.25602,2548,0,9156.21432485052,5239766.29756219,
Geocortex.Gis.Geometries.Polygon,52,,1955,OCT,1955,1,None,5029,0.23,0.25602,2548,0,9156.1796089358,5239726.56437295,
Geocortex.Gis.Geometries.Polygon,53,,1955,OCT,1955,1,None,5030,0.23,0.25602,2548,0,9156.14281890181,5239684.45744896,
Geocortex.Gis.Geometries.Polygon,54,,1955,OCT,1955,1,None,5031,0.23,0.25602,2548,0,9156.10069263989,5239636.24328936,
Geocortex.Gis.Geometries.Polygon,55,,1955,OCT,1955,1,None,5032,0.23,0.25602,2548,0,9156.05952721068,5239589.12900438,
Geocortex.Gis.Geometries.Polygon,56,,1955,OCT,1955,1,None,5033,0.23,0.25602,2548,0,9156.02227881039,5239546.49797338,
Geocortex.Gis.Geometries.Polygon,57,,1955,OCT,1955,1,None,5034,0.23,0.25602,2548,0,9155.99002181098,5239509.57983975,
Geocortex.Gis.Geometries.Polygon,58,,1955,OCT,1955,1,None,5035,0.23,0.25602,2548,0,9155.95605107291,5239470.70047257,
Geocortex.Gis.Geometries.Polygon,59,,1955,OCT,1955,1,None,5036,0.23,0.25602,2548,0,9155.92610801174,5239436.43086196,
Geocortex.Gis.Geometries.Polygon,60,,1955,OCT,1955,1,None,5037,0.23,0.25602,2548,0,9155.89065195731,5239395.85182149,
Geocortex.Gis.Geometries.Polygon,61,,1955,OCT,1955,1,None,5038,0.23,0.25602,2548,0,9155.86029391683,5239361.10752877,
Geocortex.Gis.Geometries.Polygon,62,,1955,OCT,1955,1,None,5039,0.23,0.25602,2548,0,9155.82619004625,5239322.07631868,
Geocortex.Gis.Geometries.Polygon,63,,1955,OCT,1955,1,None,5040,0.23,0.25602,2548,0,9155.79105172149,5239281.86135303,
Geocortex.Gis.Geometries.Polygon,64,,1955,OCT,1955,1,None,5041,0.23,0.25602,2548,0,9155.74664255159,5239231.03633565,
Geocortex.Gis.Geometries.Polygon,65,,1955,OCT,1955,1,None,5042,0.23,0.25602,2548,0,9155.69830691769,5239175.71786612,
Geocortex.Gis.Geometries.Polygon,66,,1955,OCT,1955,1,None,5043,0.23,0.25602,2548,0,9155.6642166508,5239136.70292901,
Geocortex.Gis.Geometries.Polygon,67,,1955,NOV,1955,1,None,5044,0.23,0.25602,2548,0,9155.62209697889,5239088.49885491,
Geocortex.Gis.Geometries.Polygon,68,,1958,MAY,1958,1,None,5048,0.23,0.254,2548,0,9228.38089831335,5322688.3752034,
Geocortex.Gis.Geometries.Polygon,69,,1958,MAY,1958,1,None,5049,0.23,0.254,2548,0,9228.41414478819,5322726.72667211,
Geocortex.Gis.Geometries.Polygon,70,,1958,MAY,1958,1,None,5050,0.23,0.254,2548,0,9228.44316718594,5322760.20555767,
Geocortex.Gis.Geometries.Polygon,71,,1958,MAY,1958,1,None,5051,0.23,0.254,2548,0,9228.47450668883,5322796.35745956,
Geocortex.Gis.Geometries.Polygon,72,,1958,MAY,1958,1,None,5052,0.23,0.254,2548,0,9228.51118882221,5322838.67254454,
Geocortex.Gis.Geometries.Polygon,73,,1958,MAY,1958,1,None,5053,0.23,0.254,2548,0,9228.5452356713,5322877.94784396,
Geocortex.Gis.Geometries.Polygon,74,,1958,MAY,1958,1,None,5054,0.23,0.254,2548,0,9228.58269927598,5322921.16476754,
Geocortex.Gis.Geometries.Polygon,75,,1958,MAY,1958,1,None,5055,0.23,0.254,2548,0,9228.62096865836,5322965.31137389,
Geocortex.Gis.Geometries.Polygon,76,,1958,MAY,1958,1,None,5056,0.23,0.254,2548,0,9228.65025301368,5322999.09320669,
Geocortex.Gis.Geometries.Polygon,77,,1958,MAY,1958,1,None,5057,0.23,0.254,2548,0,9228.68494802091,5323039.11677948,
Geocortex.Gis.Geometries.Polygon,78,,1958,MAY,1958,1,None,5058,0.23,0.254,2548,0,9228.71516485147,5323073.97452355,
Geocortex.Gis.Geometries.Polygon,79,,1958,MAY,1958,1,None,5059,0.23,0.254,2548,0,9228.75148749327,5323115.87601716,
Geocortex.Gis.Geometries.Polygon,80,,1958,MAY,1958,1,None,5060,0.23,0.254,2548,0,9228.7836349266,5323152.96115164,
Geocortex.Gis.Geometries.Polygon,81,,1958,MAY,1958,1,None,5061,0.23,0.254,2548,0,9228.81491518045,5323189.04602894,
Geocortex.Gis.Geometries.Polygon,82,,1958,MAY,1958,1,None,5062,0.23,0.254,2548,0,9228.85046429607,5323230.05563196,
Geocortex.Gis.Geometries.Polygon,83,,1958,MAY,1958,1,None,5063,0.23,0.254,2548,0,9228.88922283086,5323274.76786051,
Geocortex.Gis.Geometries.Polygon,84,,1958,MAY,1958,1,None,5064,0.23,0.254,2548,0,9228.92774642191,5323319.20922271,
Geocortex.Gis.Geometries.Polygon,85,,1958,MAY,1958,1,None,5065,0.23,0.254,2548,0,9228.96516873819,5323362.38030127,
Geocortex.Gis.Geometries.Polygon,86,,1958,MAY,1958,1,None,5066,0.23,0.254,2548,0,9229.00310881678,5323406.14882443,
Geocortex.Gis.Geometries.Polygon,87,,1958,MAY,1958,1,None,5067,0.23,0.254,2548,0,9229.04155811502,5323450.50496787,
Geocortex.Gis.Geometries.Polygon,88,,1958,MAY,1958,1,None,5068,0.23,0.254,2548,0,9229.07855379453,5323493.18434386,
Geocortex.Gis.Geometries.Polygon,89,,1958,MAY,1958,1,None,5069,0.23,0.254,2548,0,9229.1211638814,5323542.34095346,
Geocortex.Gis.Geometries.Polygon,90,,1958,MAY,1958,1,None,5070,0.23,0.254,2548,0,9229.16426758901,5323592.06726773,
Geocortex.Gis.Geometries.Polygon,377,,1951,NOV,1950,2,None,5087,0.23,0.305,3058,0,9223.72715156188,5317321.41030862,
Geocortex.Gis.Geometries.Polygon,378,,1951,NOV,1950,2,None,5088,0.23,0.305,3058,0,9223.72459633491,5317318.46423069,
Geocortex.Gis.Geometries.Polygon,379,,1951,NOV,1950,2,None,5089,0.23,0.305,3058,0,9223.72357841404,5317317.29060924,
Geocortex.Gis.Geometries.Polygon,380,,1951,NOV,1950,2,None,5090,0.23,0.305,3058,0,9223.72230451723,5317315.82185653,
Geocortex.Gis.Geometries.Polygon,381,,1951,NOV,1950,2,None,5091,0.23,0.305,3058,0,9223.72079703257,5317314.08378118,
Geocortex.Gis.Geometries.Polygon,382,,1951,NOV,1950,2,None,5092,0.23,0.305,3058,0,9223.72064657793,5317313.91030949,
Geocortex.Gis.Geometries.Polygon,383,,1951,NOV,1950,2,None,5093,0.23,0.305,3058,0,9223.72236607408,5317315.89282546,
Geocortex.Gis.Geometries.Polygon,384,,1951,NOV,1950,2,None,5094,0.23,0.305,3058,0,9223.72282957414,5317316.42720626,
Geocortex.Gis.Geometries.Polygon,385,,1951,NOV,1950,2,None,5095,0.23,0.305,3058,0,9223.72126830586,5317314.62710863,
Geocortex.Gis.Geometries.Polygon,386,,1951,NOV,1950,2,None,5096,0.23,0.305,3058,0,9223.72116158571,5317314.50406618,
Geocortex.Gis.Geometries.Polygon,387,,1951,NOV,1950,2,None,5097,0.23,0.305,3058,0,9223.71927534728,5317312.32929981,
Geocortex.Gis.Geometries.Polygon,388,,1951,NOV,1950,2,None,5098,0.23,0.305,3058,0,9223.71933932815,5317312.40307744,
Geocortex.Gis.Geometries.Polygon,389,,1951,NOV,1950,2,None,5099,0.23,0.305,3058,0,9223.71527531816,5317307.71742231,
Geocortex.Gis.Geometries.Polygon,390,,1951,NOV,1950,2,None,5100,0.23,0.305,3058,0,9223.71278961455,5317304.85148847,
Geocortex.Gis.Geometries.Polygon,391,,1951,NOV,1950,2,None,5101,0.23,0.305,3058,0,9223.70394555866,5317294.65461403,
Geocortex.Gis.Geometries.Polygon,392,,1951,NOV,1950,2,None,5102,0.23,0.305,3058,0,9223.69867427034,5317288.57702956,
Geocortex.Gis.Geometries.Polygon,393,,1951,NOV,1950,2,None,5103,0.23,0.305,3058,0,9223.68879792883,5317277.18997838,
Geocortex.Gis.Geometries.Polygon,394,,1951,NOV,1950,2,None,5104,0.23,0.305,3058,0,9223.6873094295,5317275.4737938,
Geocortex.Gis.Geometries.Polygon,395,,1951,NOV,1950,2,None,5105,0.23,0.305,3058,0,9223.69004595356,5317278.62889298,
Geocortex.Gis.Geometries.Polygon,396,,1951,NOV,1950,2,None,5106,0.23,0.305,3058,0,9223.69590449642,5317285.38355495,
Geocortex.Gis.Geometries.Polygon,397,,1951,NOV,1950,2,None,5107,0.23,0.305,3058,0,9223.70324692828,5317293.84908198,
Geocortex.Gis.Geometries.Polygon,398,,1951,NOV,1950,2,None,5108,0.23,0.305,3058,0,9223.70813660357,5317299.48671061,
Geocortex.Gis.Geometries.Polygon,399,,1951,NOV,1950,2,None,5109,0.23,0.305,3058,0,9223.70904733177,5317300.53676083,
Geocortex.Gis.Geometries.Polygon,400,,1951,NOV,1950,2,None,5110,0.23,0.305,3058,0,9223.70824074723,5317299.60681025,
Geocortex.Gis.Geometries.Polygon,401,,1951,NOV,1950,2,None,5111,0.23,0.305,3058,0,9223.71024482888,5317301.91745149,
Geocortex.Gis.Geometries.Polygon,402,,1951,NOV,1950,2,None,5112,0.23,0.305,3058,0,9223.70977163786,5317301.37187863,
Geocortex.Gis.Geometries.Polygon,403,,1951,NOV,1950,2,None,5113,0.23,0.305,3058,0,9223.70815149307,5317299.50391285,
Geocortex.Gis.Geometries.Polygon,404,,1952,JUL,1952,2,None,5047,0.23,0.3048,4581,0,13826.1279869482,11947613.4439682,
Geocortex.Gis.Geometries.Polygon,405,,1952,JUL,1952,2,None,5049,0.23,0.3048,4581,0,13826.2648751823,11947850.0245813,
Geocortex.Gis.Geometries.Polygon,406,,1952,JUL,1952,2,None,5060,0.23,0.3048,4581,0,13826.8962402828,11948941.2271091,
Geocortex.Gis.Geometries.Polygon,407,,1952,JUL,1952,2,None,5062,0.23,0.3048,4581,0,13827.0222917642,11949159.090655,
Geocortex.Gis.Geometries.Polygon,408,,1955,OCT,1955,2,None,5001,0.23,0.25602,2548,0,9156.32431400666,5239892.18382106,
Geocortex.Gis.Geometries.Polygon,409,,1955,OCT,1955,2,None,5002,0.23,0.25602,2548,0,9156.28589736503,5239848.21447977,
Geocortex.Gis.Geometries.Polygon,410,,1955,OCT,1955,2,None,5003,0.23,0.25602,2548,0,9156.24439289513,5239800.71124242,
Geocortex.Gis.Geometries.Polygon,411,,1955,OCT,1955,2,None,5004,0.23,0.25602,2548,0,9156.20293009753,5239753.25595932,
Geocortex.Gis.Geometries.Polygon,412,,1955,OCT,1955,2,None,5005,0.23,0.25602,2548,0,9156.1643929772,5239709.14937614,
Geocortex.Gis.Geometries.Polygon,413,,1955,OCT,1955,2,None,5006,0.23,0.25602,2548,0,9156.12715344557,5239666.52806696,
Geocortex.Gis.Geometries.Polygon,414,,1955,OCT,1955,2,None,5007,0.23,0.25602,2548,0,9156.09444779861,5239629.09598533,
Geocortex.Gis.Geometries.Polygon,415,,1955,OCT,1955,2,None,5008,0.23,0.25602,2548,0,9156.06080626278,5239590.5928978,
Geocortex.Gis.Geometries.Polygon,416,,1955,OCT,1955,2,None,5009,0.23,0.25602,2548,0,9156.02328499664,5239547.64959205,
Geocortex.Gis.Geometries.Polygon,417,,1955,OCT,1955,2,None,5010,0.23,0.25602,2548,0,9155.997296539,5239517.9057721,
Geocortex.Gis.Geometries.Polygon,418,,1955,OCT,1955,2,None,5011,0.23,0.25602,2548,0,9155.95902816541,5239474.10773923,
Geocortex.Gis.Geometries.Polygon,419,,1955,OCT,1955,2,None,5012,0.23,0.25602,2548,0,9155.92383921601,5239433.83424541,
Geocortex.Gis.Geometries.Polygon,420,,1955,OCT,1955,2,None,5013,0.23,0.25602,2548,0,9155.88961326952,5239394.66306911,
Geocortex.Gis.Geometries.Polygon,421,,1955,OCT,1955,2,None,5014,0.23,0.25602,2548,0,9155.85939328385,5239360.07678472,
Geocortex.Gis.Geometries.Polygon,422,,1955,OCT,1955,2,None,5015,0.23,0.25602,2548,0,9155.82543056469,5239321.20713482,
Geocortex.Gis.Geometries.Polygon,423,,1955,NOV,1955,2,None,5016,0.23,0.25602,2548,0,9155.79723840606,5239288.94186864,
Geocortex.Gis.Geometries.Polygon,424,,1955,OCT,1955,2,None,5017,0.23,0.25602,2548,0,9155.76806433314,5239255.55293178,
Geocortex.Gis.Geometries.Polygon,425,,1955,OCT,1955,2,None,5018,0.23,0.25602,2548,0,9155.73427393293,5239216.88085038,
Geocortex.Gis.Geometries.Polygon,426,,1955,OCT,1955,2,None,5019,0.23,0.25602,2548,0,9155.69679859413,5239173.9916355,
Geocortex.Gis.Geometries.Polygon,427,,1955,OCT,1955,2,None,5020,0.23,0.25602,2548,0,9155.66658228339,5239139.41028266,
Geocortex.Gis.Geometries.Polygon,428,,1955,OCT,1955,2,None,5021,0.23,0.25602,2548,0,9155.63766610695,5239106.31699185,
Geocortex.Gis.Geometries.Polygon,429,,1955,OCT,1955,2,None,5022,0.23,0.25602,2548,0,9155.60828064667,5239072.68671209,
Geocortex.Gis.Geometries.Polygon,430,,1958,MAY,1958,2,None,5007,0.23,0.254,2548,0,9228.3963438873,5322706.1924364,
Geocortex.Gis.Geometries.Polygon,431,,1958,MAY,1958,2,None,5008,0.23,0.254,2548,0,9228.43097929789,5322746.14615942,
Geocortex.Gis.Geometries.Polygon,432,,1958,MAY,1958,2,None,5009,0.23,0.254,2548,0,9228.46469007528,5322785.03341673,
Geocortex.Gis.Geometries.Polygon,433,,1958,MAY,1958,2,None,5010,0.23,0.254,2548,0,9228.49906972211,5322824.69238847,
Geocortex.Gis.Geometries.Polygon,434,,1958,MAY,1958,2,None,5011,0.23,0.254,2548,0,9228.5322996081,5322863.02521382,
Geocortex.Gis.Geometries.Polygon,435,,1958,MAY,1958,2,None,5012,0.23,0.254,2548,0,9228.56826874436,5322904.51811258,
Geocortex.Gis.Geometries.Polygon,436,,1958,MAY,1958,2,None,5013,0.23,0.254,2548,0,9228.6024153876,5322943.90877528,
Geocortex.Gis.Geometries.Polygon,437,,1958,MAY,1958,2,None,5014,0.23,0.254,2548,0,9228.64197629523,5322989.54535696,
Geocortex.Gis.Geometries.Polygon,438,,1958,MAY,1958,2,None,5015,0.23,0.254,2548,0,9228.667233411,5323018.68149722,
Geocortex.Gis.Geometries.Polygon,439,,1958,MAY,1958,2,None,5016,0.23,0.254,2548,0,9228.69771190835,5323053.8410293,
Geocortex.Gis.Geometries.Polygon,440,,1958,MAY,1958,2,None,5017,0.23,0.254,2548,0,9228.73264810256,5323094.14303941,
Geocortex.Gis.Geometries.Polygon,441,,1958,MAY,1958,2,None,5018,0.23,0.254,2548,0,9228.77140265742,5323138.85005226,
Geocortex.Gis.Geometries.Polygon,442,,1958,MAY,1958,2,None,5019,0.23,0.254,2548,0,9228.80247887482,5323174.69950955,
Geocortex.Gis.Geometries.Polygon,443,,1958,MAY,1958,2,None,5020,0.23,0.254,2548,0,9228.84960123237,5323229.06000973,
Geocortex.Gis.Geometries.Polygon,444,,1958,MAY,1958,2,None,5021,0.23,0.254,2548,0,9228.87691310233,5323260.56722349,
Geocortex.Gis.Geometries.Polygon,445,,1958,MAY,1958,2,None,5022,0.23,0.254,2548,0,9228.9095642232,5323298.23395893,
Geocortex.Gis.Geometries.Polygon,446,,1958,MAY,1958,2,None,5023,0.23,0.254,2548,0,9228.94267982115,5323336.43664844,
Geocortex.Gis.Geometries.Polygon,447,,1958,MAY,1958,2,None,5024,0.23,0.254,2548,0,9228.97804697267,5323377.23689271,
Geocortex.Gis.Geometries.Polygon,448,,1958,MAY,1958,2,None,5025,0.23,0.254,2548,0,9229.02014401059,5323425.80104209,
Geocortex.Gis.Geometries.Polygon,449,,1958,MAY,1958,2,None,5026,0.23,0.254,2548,0,9229.06069101393,5323472.57723883,
Geocortex.Gis.Geometries.Polygon,450,,1958,MAY,1958,2,None,5027,0.23,0.254,2548,0,9229.10059374552,5323518.61041905,
Geocortex.Gis.Geometries.Polygon,451,,1958,MAY,1958,2,None,5028,0.23,0.254,2548,0,9229.14780681751,5323573.07737223,
Geocortex.Gis.Geometries.Polygon,812,,1951,NOV,1950,3,None,5118,0.23,0.305,3058,0,9223.78802810515,5317391.59910623,
Geocortex.Gis.Geometries.Polygon,813,,1951,NOV,1950,3,None,5119,0.23,0.305,3058,0,9223.78775741614,5317391.28702792,
Geocortex.Gis.Geometries.Polygon,814,,1951,NOV,1950,3,None,5120,0.23,0.305,3058,0,9223.7874927941,5317390.98194273,
Geocortex.Gis.Geometries.Polygon,815,,1951,NOV,1950,3,None,5121,0.23,0.305,3058,0,9223.78617569764,5317389.46337744,
Geocortex.Gis.Geometries.Polygon,816,,1951,NOV,1950,3,None,5122,0.23,0.305,3058,0,9223.78445908461,5317387.48417419,
Geocortex.Gis.Geometries.Polygon,817,,1951,NOV,1950,3,None,5123,0.23,0.305,3058,0,9223.78805439248,5317391.6294666,
Geocortex.Gis.Geometries.Polygon,818,,1951,NOV,1950,3,None,5124,0.23,0.305,3058,0,9223.79280618043,5317397.10813299,
Geocortex.Gis.Geometries.Polygon,819,,1951,NOV,1950,3,None,5125,0.23,0.305,3058,0,9223.79127385715,5317395.34139163,
Geocortex.Gis.Geometries.Polygon,820,,1951,NOV,1950,3,None,5126,0.23,0.305,3058,0,9223.78886548692,5317392.56459764,
Geocortex.Gis.Geometries.Polygon,821,,1951,NOV,1950,3,None,5127,0.23,0.305,3058,0,9223.78898920367,5317392.70724991,
Geocortex.Gis.Geometries.Polygon,822,,1951,NOV,1950,3,None,5128,0.23,0.305,3058,0,9223.78566470506,5317388.87419619,
Geocortex.Gis.Geometries.Polygon,823,,1951,NOV,1950,3,None,5129,0.23,0.305,3058,0,9223.78421515876,5317387.20291004,
Geocortex.Gis.Geometries.Polygon,824,,1951,NOV,1950,3,None,5130,0.23,0.305,3058,0,9223.78020889704,5317382.58379948,
Geocortex.Gis.Geometries.Polygon,825,,1951,NOV,1950,3,None,5131,0.23,0.305,3058,0,9223.76819784653,5317368.73540484,
Geocortex.Gis.Geometries.Polygon,826,,1951,NOV,1950,3,None,5132,0.23,0.305,3058,0,9223.75395382783,5317352.31247024,
Geocortex.Gis.Geometries.Polygon,827,,1951,NOV,1950,3,None,5133,0.23,0.305,3058,0,9223.74014044815,5317336.3860651,
Geocortex.Gis.Geometries.Polygon,828,,1951,NOV,1950,3,None,5134,0.23,0.305,3058,0,9223.73548237398,5317331.01545609,
Geocortex.Gis.Geometries.Polygon,829,,1951,NOV,1950,3,None,5137,0.23,0.305,3058,0,9223.7442546629,5317341.12960121,
Geocortex.Gis.Geometries.Polygon,830,,1951,NOV,1950,3,None,5138,0.23,0.305,3058,0,9223.74905562005,5317346.66495818,
Geocortex.Gis.Geometries.Polygon,831,,1951,NOV,1950,3,None,5139,0.23,0.305,3058,0,9223.74805160543,5317345.50736761,
Geocortex.Gis.Geometries.Polygon,832,,1951,NOV,1950,3,None,5140,0.23,0.305,3058,0,9223.74606935371,5317343.22190478,
Geocortex.Gis.Geometries.Polygon,833,,1951,NOV,1950,3,None,5141,0.23,0.305,3058,0,9223.74350926975,5317340.27021189,
Geocortex.Gis.Geometries.Polygon,834,,1951,NOV,1950,3,None,5142,0.23,0.305,3058,0,9223.74342377182,5317340.17163811,
Geocortex.Gis.Geometries.Polygon,835,,1951,NOV,1950,3,None,5143,0.23,0.305,3058,0,9223.74056041898,5317336.87028437,
Geocortex.Gis.Geometries.Polygon,836,,1952,JUL,1952,3,None,5076,0.23,0.3048,4581,0,13826.4116582854,11948103.7086057,
Geocortex.Gis.Geometries.Polygon,837,,1952,JUL,1952,3,None,5077,0.23,0.3048,4581,0,13826.4734096418,11948210.4338323,
Geocortex.Gis.Geometries.Polygon,838,,1952,JUL,1952,3,None,5079,0.23,0.3048,4581,0,13826.6028560814,11948434.1583672,
Geocortex.Gis.Geometries.Polygon,839,,1955,NOV,1955,3,None,5105,0.23,0.25602,2548,0,9155.63348348493,5239101.53015973,
Geocortex.Gis.Geometries.Polygon,840,,1955,NOV,1955,3,None,5106,0.23,0.25602,2548,0,9155.67020779701,5239143.55952239,
Geocortex.Gis.Geometries.Polygon,841,,1955,NOV,1955,3,None,5107,0.23,0.25602,2548,0,9155.70875119804,5239187.67094896,
Geocortex.Gis.Geometries.Polygon,842,,1955,NOV,1955,3,None,5108,0.23,0.25602,2548,0,9155.74287635247,5239226.72602223,
Geocortex.Gis.Geometries.Polygon,843,,1955,NOV,1955,3,None,5109,0.23,0.25602,2548,0,9155.77520303461,5239263.72294969,
Geocortex.Gis.Geometries.Polygon,844,,1955,NOV,1955,3,None,5110,0.23,0.25602,2548,0,9155.81461486523,5239308.82878848,
Geocortex.Gis.Geometries.Polygon,845,,1955,NOV,1955,3,None,5111,0.23,0.25602,2548,0,9155.84551900801,5239344.19791671,
Geocortex.Gis.Geometries.Polygon,846,,1955,NOV,1955,3,None,5112,0.23,0.25602,2548,0,9155.87597797529,5239379.05767494,
Geocortex.Gis.Geometries.Polygon,847,,1955,NOV,1955,3,None,5113,0.23,0.25602,2548,0,9155.90603245739,5239413.45462382,
Geocortex.Gis.Geometries.Polygon,848,,1955,NOV,1955,3,None,5114,0.23,0.25602,2548,0,9155.93937559234,5239451.6155132,
Geocortex.Gis.Geometries.Polygon,849,,1955,NOV,1955,3,None,5115,0.23,0.25602,2548,0,9155.96970549149,5239486.32789694,
Geocortex.Gis.Geometries.Polygon,850,,1955,NOV,1955,3,None,5116,0.23,0.25602,2548,0,9156.01452172914,5239537.62003389,
Geocortex.Gis.Geometries.Polygon,851,,1955,NOV,1955,3,None,5117,0.23,0.25602,2548,0,9156.05463522015,5239583.53007118,
Geocortex.Gis.Geometries.Polygon,852,,1955,NOV,1955,3,None,5118,0.23,0.25602,2548,0,9156.08646015953,5239619.95401472,
Geocortex.Gis.Geometries.Polygon,853,,1955,NOV,1955,3,None,5119,0.23,0.25602,2548,0,9156.1237021178,5239662.57793295,
Geocortex.Gis.Geometries.Polygon,854,,1955,NOV,1955,3,None,5120,0.23,0.25602,2548,0,9156.15984653816,5239703.94586756,
Geocortex.Gis.Geometries.Polygon,855,,1955,NOV,1955,3,None,5121,0.23,0.25602,2548,0,9156.19441811095,5239743.51379861,
Geocortex.Gis.Geometries.Polygon,856,,1955,NOV,1955,3,None,5122,0.23,0.25602,2548,0,9156.23779655341,5239793.16158463,
Geocortex.Gis.Geometries.Polygon,857,,1955,NOV,1955,3,None,5123,0.23,0.25602,2548,0,9156.27824293891,5239839.45375537,
Geocortex.Gis.Geometries.Polygon,858,,1955,NOV,1955,3,None,5124,0.23,0.25602,2548,0,9156.31954607679,5239886.72674576,
Geocortex.Gis.Geometries.Polygon,859,,1955,NOV,1955,3,None,5125,0.23,0.25602,2548,0,9156.36429534481,5239937.94420397,
Geocortex.Gis.Geometries.Polygon,860,,1958,MAY,1958,3,None,5065,0.23,0.254,2548,0,9229.13081771548,5323553.47802848,
Geocortex.Gis.Geometries.Polygon,861,,1958,MAY,1958,3,None,5066,0.23,0.254,2548,0,9229.09509055692,5323512.26177453,
Geocortex.Gis.Geometries.Polygon,862,,1958,MAY,1958,3,None,5067,0.23,0.254,2548,0,9229.06022928033,5323472.04461267,
Geocortex.Gis.Geometries.Polygon,863,,1958,MAY,1958,3,None,5068,0.23,0.254,2548,0,9229.02236495306,5323428.36320422,
Geocortex.Gis.Geometries.Polygon,864,,1958,MAY,1958,3,None,5069,0.23,0.254,2548,0,9228.9845092938,5323384.69196171,
Geocortex.Gis.Geometries.Polygon,865,,1958,MAY,1958,3,None,5070,0.23,0.254,2548,0,9228.95221639484,5323347.43819373,
Geocortex.Gis.Geometries.Polygon,866,,1958,MAY,1958,3,None,5071,0.23,0.254,2548,0,9228.92028497553,5323310.60155484,
Geocortex.Gis.Geometries.Polygon,867,,1958,MAY,1958,3,None,5072,0.23,0.254,2548,0,9228.88884716918,5323274.33448095,
Geocortex.Gis.Geometries.Polygon,868,,1958,MAY,1958,3,None,5073,0.23,0.254,2548,0,9228.86053719602,5323241.67580701,
Geocortex.Gis.Geometries.Polygon,869,,1958,MAY,1958,3,None,5074,0.23,0.254,2548,0,9228.82291614157,5323198.27597583,
Geocortex.Gis.Geometries.Polygon,870,,1958,MAY,1958,3,None,5075,0.23,0.254,2548,0,9228.79012118584,5323160.44370338,
Geocortex.Gis.Geometries.Polygon,871,,1958,MAY,1958,3,None,5076,0.23,0.254,2548,0,9228.75565787339,5323120.68695938,
Geocortex.Gis.Geometries.Polygon,872,,1958,MAY,1958,3,None,5077,0.23,0.254,2548,0,9228.72230827218,5323082.21511608,
Geocortex.Gis.Geometries.Polygon,873,,1958,MAY,1958,3,None,5078,0.23,0.254,2548,0,9228.69188084473,5323047.1143985,
Geocortex.Gis.Geometries.Polygon,874,,1958,MAY,1958,3,None,5079,0.23,0.254,2548,0,9228.66128113818,5323011.81505414,
Geocortex.Gis.Geometries.Polygon,875,,1958,MAY,1958,3,None,5080,0.23,0.254,2548,0,9228.63054148534,5322976.35438373,
Geocortex.Gis.Geometries.Polygon,876,,1958,MAY,1958,3,None,5081,0.23,0.254,2548,0,9228.59989031304,5322940.9958974,
Geocortex.Gis.Geometries.Polygon,877,,1958,MAY,1958,3,None,5082,0.23,0.254,2548,0,9228.56770057033,5322903.86266975,
Geocortex.Gis.Geometries.Polygon,878,,1958,MAY,1958,3,None,5083,0.23,0.254,2548,0,9228.53587770184,5322867.15278193,
Geocortex.Gis.Geometries.Polygon,879,,1958,MAY,1958,3,None,5084,0.23,0.254,2548,0,9228.5026179957,5322828.78554948,
Geocortex.Gis.Geometries.Polygon,880,,1958,MAY,1958,3,None,5085,0.23,0.254,2548,0,9228.46303355355,5322783.12251957,
Geocortex.Gis.Geometries.Polygon,881,,1958,MAY,1958,3,None,5086,0.23,0.254,2548,0,9228.42024423955,5322733.76269719,
Geocortex.Gis.Geometries.Polygon,882,,1958,MAY,1958,3,None,5087,0.23,0.254,2548,0,9228.38753692441,5322696.03317201,
Geocortex.Gis.Geometries.Polygon,1252,,1951,NOV,1950,4,None,5151,0.23,0.305,3058,0,9223.82158901136,5317430.29401421,
Geocortex.Gis.Geometries.Polygon,1253,,1951,NOV,1950,4,None,5152,0.23,0.305,3058,0,9223.8237686981,5317432.80714982,
Geocortex.Gis.Geometries.Polygon,1254,,1951,NOV,1950,4,None,5153,0.23,0.305,3058,0,9223.82242201713,5317431.25447076,
Geocortex.Gis.Geometries.Polygon,1255,,1951,NOV,1950,4,None,5154,0.23,0.305,3058,0,9223.82029244543,5317428.79913642,
Geocortex.Gis.Geometries.Polygon,1256,,1951,NOV,1950,4,None,5155,0.23,0.305,3058,0,9223.81830489231,5317426.50754057,
Geocortex.Gis.Geometries.Polygon,1257,,1951,NOV,1950,4,None,5156,0.23,0.305,3058,0,9223.81693691222,5317424.93029036,
Geocortex.Gis.Geometries.Polygon,1258,,1951,NOV,1950,4,None,5157,0.23,0.305,3058,0,9223.82144126404,5317430.12369949,
Geocortex.Gis.Geometries.Polygon,1259,,1951,NOV,1950,4,None,5158,0.23,0.305,3058,0,9223.82318219572,5317432.13094385,
Geocortex.Gis.Geometries.Polygon,1260,,1951,NOV,1950,4,None,5159,0.23,0.305,3058,0,9223.82236181142,5317431.18505607,
Geocortex.Gis.Geometries.Polygon,1261,,1951,NOV,1950,4,None,5160,0.23,0.305,3058,0,9223.81871063287,5317426.97532334,
Geocortex.Gis.Geometries.Polygon,1262,,1951,NOV,1950,4,None,5161,0.23,0.305,3058,0,9223.82098574036,5317429.59847855,
Geocortex.Gis.Geometries.Polygon,1263,,1951,NOV,1950,4,None,5162,0.23,0.305,3058,0,9223.82463245655,5317433.8030663,
Geocortex.Gis.Geometries.Polygon,1264,,1951,NOV,1950,4,None,5163,0.23,0.305,3058,0,9223.82363886084,5317432.65747395,
Geocortex.Gis.Geometries.Polygon,1265,,1951,NOV,1950,4,None,5164,0.23,0.305,3058,0,9223.8207662938,5317429.34546798,
Geocortex.Gis.Geometries.Polygon,1266,,1951,NOV,1950,4,None,5165,0.23,0.305,3058,0,9223.81374677838,5317421.25212826,
Geocortex.Gis.Geometries.Polygon,1267,,1951,NOV,1950,4,None,5166,0.23,0.305,3058,0,9223.80330343419,5317409.21119063,
Geocortex.Gis.Geometries.Polygon,1268,,1951,NOV,1950,4,None,5167,0.23,0.305,3058,0,9223.79458601562,5317399.16021147,
Geocortex.Gis.Geometries.Polygon,1269,,1951,NOV,1950,4,None,5168,0.23,0.305,3058,0,9223.79340516286,5317397.79871934,
Geocortex.Gis.Geometries.Polygon,1270,,1951,NOV,1950,4,None,5169,0.23,0.305,3058,0,9223.80282105238,5317408.65501096,
Geocortex.Gis.Geometries.Polygon,1271,,1951,NOV,1950,4,None,5170,0.23,0.305,3058,0,9223.80705548957,5317413.53721902,
Geocortex.Gis.Geometries.Polygon,1272,,1951,NOV,1950,4,None,5171,0.23,0.305,3058,0,9223.81276185853,5317420.11651962,
Geocortex.Gis.Geometries.Polygon,1273,,1951,NOV,1950,4,None,5172,0.23,0.305,3058,0,9223.81470986487,5317422.36253192,
Geocortex.Gis.Geometries.Polygon,1274,,1951,NOV,1950,4,None,5173,0.23,0.305,3058,0,9223.81328204036,5317420.71628643,
Geocortex.Gis.Geometries.Polygon,1275,,1951,NOV,1950,4,None,5174,0.23,0.305,3058,0,9223.810942132,5317418.01842692,
Geocortex.Gis.Geometries.Polygon,1276,,1951,NOV,1950,4,None,5175,0.23,0.305,3058,0,9223.81008781291,5317417.03341849,
Geocortex.Gis.Geometries.Polygon,1277,,1951,NOV,1950,4,None,5176,0.23,0.305,3058,0,9223.80696109176,5317413.42838026,
Geocortex.Gis.Geometries.Polygon,1278,,1951,NOV,1950,4,None,5177,0.23,0.305,3058,0,9223.81295757494,5317420.34217509,
Geocortex.Gis.Geometries.Polygon,1279,,1951,NOV,1950,4,None,5178,0.23,0.305,3058,0,9223.81468136979,5317422.3296702,
Geocortex.Gis.Geometries.Polygon,1280,,1952,JUL,1952,4,None,5094,0.23,0.3048,4581,0,13827.7887952349,11950483.9349325,
Geocortex.Gis.Geometries.Polygon,1281,,1952,JUL,1952,4,None,5095,0.23,0.3048,4581,0,13827.7090344324,11950346.0708462,
Geocortex.Gis.Geometries.Polygon,1282,,1952,JUL,1952,4,None,5096,0.23,0.3048,4581,0,13827.6319517764,11950212.8366281,
Geocortex.Gis.Geometries.Polygon,1283,,1952,JUL,1952,4,None,5098,0.23,0.3048,4581,0,13827.4421781189,11949884.82387,
Geocortex.Gis.Geometries.Polygon,1284,,1952,JUL,1952,4,None,5103,0.23,0.3048,4581,0,13826.9662064232,11949062.1540094,
Geocortex.Gis.Geometries.Polygon,1285,,1952,JUL,1952,4,None,5105,0.23,0.3048,4581,0,13826.8087145477,11948789.9513346,
Geocortex.Gis.Geometries.Polygon,1286,,1955,NOV,1955,4,None,5018,0.23,0.25602,2548,0,9155.63234157372,5239100.22329927,
Geocortex.Gis.Geometries.Polygon,1287,,1955,NOV,1955,4,None,5019,0.23,0.25602,2548,0,9155.66658243072,5239139.41044009,
Geocortex.Gis.Geometries.Polygon,1288,,1955,NOV,1955,4,None,5020,0.23,0.25602,2548,0,9155.69868810082,5239176.15409727,
Geocortex.Gis.Geometries.Polygon,1289,,1955,NOV,1955,4,None,5021,0.23,0.25602,2548,0,9155.72775016716,5239209.4145947,
Geocortex.Gis.Geometries.Polygon,1290,,1955,NOV,1955,4,None,5022,0.23,0.25602,2548,0,9155.76601835468,5239253.21133015,
Geocortex.Gis.Geometries.Polygon,1291,,1955,NOV,1955,4,None,5023,0.23,0.25602,2548,0,9155.80173017813,5239294.08255354,
Geocortex.Gis.Geometries.Polygon,1292,,1955,NOV,1955,4,None,5024,0.23,0.25602,2548,0,9155.83166946733,5239328.3473894,
Geocortex.Gis.Geometries.Polygon,1293,,1955,NOV,1955,4,None,5025,0.23,0.25602,2548,0,9155.86691477727,5239368.68498619,
Geocortex.Gis.Geometries.Polygon,1294,,1955,NOV,1955,4,None,5026,0.23,0.25602,2548,0,9155.89867012119,5239405.0285157,
Geocortex.Gis.Geometries.Polygon,1295,,1955,NOV,1955,4,None,5027,0.23,0.25602,2548,0,9155.93081437974,5239441.81727592,
Geocortex.Gis.Geometries.Polygon,1296,,1955,NOV,1955,4,None,5028,0.23,0.25602,2548,0,9155.96684756823,5239483.05701975,
Geocortex.Gis.Geometries.Polygon,1297,,1955,NOV,1955,4,None,5029,0.23,0.25602,2548,0,9156.0010034905,5239522.14838298,
Geocortex.Gis.Geometries.Polygon,1298,,1955,NOV,1955,4,None,5030,0.23,0.25602,2548,0,9156.03015416874,5239555.51138048,
Geocortex.Gis.Geometries.Polygon,1299,,1955,NOV,1955,4,None,5031,0.23,0.25602,2548,0,9156.05693522728,5239586.16244241,
Geocortex.Gis.Geometries.Polygon,1300,,1955,NOV,1955,4,None,5032,0.23,0.25602,2548,0,9156.09111629733,5239625.28299622,
Geocortex.Gis.Geometries.Polygon,1301,,1955,NOV,1955,4,None,5033,0.23,0.25602,2548,0,9156.13145268387,5239671.44855483,
Geocortex.Gis.Geometries.Polygon,1302,,1955,NOV,1955,4,None,5034,0.23,0.25602,2548,0,9156.16759702062,5239712.81642185,
Geocortex.Gis.Geometries.Polygon,1303,,1955,NOV,1955,4,None,5035,0.23,0.25602,2548,0,9156.20021798402,5239750.15188095,
Geocortex.Gis.Geometries.Polygon,1304,,1955,NOV,1955,4,None,5036,0.23,0.25602,2548,0,9156.23672168544,5239791.93137151,
Geocortex.Gis.Geometries.Polygon,1305,,1955,NOV,1955,4,None,5037,0.23,0.25602,2548,0,9156.27444816565,5239835.11051863,
Geocortex.Gis.Geometries.Polygon,1306,,1955,NOV,1955,4,None,5038,0.23,0.25602,2548,0,9156.31535560027,5239881.93057309,
Geocortex.Gis.Geometries.Polygon,1307,,1955,NOV,1955,4,None,5039,0.23,0.25602,2548,0,9156.3550136832,5239927.32090971,
Geocortex.Gis.Geometries.Polygon,1308,,1955,NOV,1955,4,None,5040,0.23,0.25602,2548,0,9156.38241629882,5239958.6844583,
Geocortex.Gis.Geometries.Polygon,1309,,1958,MAY,1958,4,None,5035,0.23,0.254,2548,0,9228.43567680906,5322751.56498317,
Geocortex.Gis.Geometries.Polygon,1310,,1958,MAY,1958,4,None,5036,0.23,0.254,2548,0,9228.46436523217,5322784.65868089,
Geocortex.Gis.Geometries.Polygon,1311,,1958,MAY,1958,4,None,5037,0.23,0.254,2548,0,9228.48868587141,5322812.71398384,
Geocortex.Gis.Geometries.Polygon,1312,,1958,MAY,1958,4,None,5038,0.23,0.254,2548,0,9228.51943337607,5322848.18314895,
Geocortex.Gis.Geometries.Polygon,1313,,1958,MAY,1958,4,None,5039,0.23,0.254,2548,0,9228.55439616418,5322888.51507834,
Geocortex.Gis.Geometries.Polygon,1314,,1958,MAY,1958,4,None,5040,0.23,0.254,2548,0,9228.58517840388,5322924.02459021,
Geocortex.Gis.Geometries.Polygon,1315,,1958,MAY,1958,4,None,5041,0.23,0.254,2548,0,9228.62182398775,5322966.29804506,
Geocortex.Gis.Geometries.Polygon,1316,,1958,MAY,1958,4,None,5042,0.23,0.254,2548,0,9228.64857616338,5322997.15880429,
Geocortex.Gis.Geometries.Polygon,1317,,1958,MAY,1958,4,None,5043,0.23,0.254,2548,0,9228.68153803987,5323035.18307736,
Geocortex.Gis.Geometries.Polygon,1318,,1958,MAY,1958,4,None,5044,0.23,0.254,2548,0,9228.71271437394,5323071.14769823,
Geocortex.Gis.Geometries.Polygon,1319,,1958,MAY,1958,4,None,5045,0.23,0.254,2548,0,9228.74272261854,5323105.7649369,
Geocortex.Gis.Geometries.Polygon,1320,,1958,MAY,1958,4,None,5046,0.23,0.254,2548,0,9228.77492853004,5323142.91750021,
Geocortex.Gis.Geometries.Polygon,1321,,1958,MAY,1958,4,None,5047,0.23,0.254,2548,0,9228.80589761405,5323178.64338273,
Geocortex.Gis.Geometries.Polygon,1322,,1958,MAY,1958,4,None,5048,0.23,0.254,2548,0,9228.83527581248,5323212.53413242,
Geocortex.Gis.Geometries.Polygon,1323,,1958,MAY,1958,4,None,5049,0.23,0.254,2548,0,9228.86811111223,5323250.41313124,
Geocortex.Gis.Geometries.Polygon,1324,,1958,MAY,1958,4,None,5050,0.23,0.254,2548,0,9228.90506146629,5323293.03947172,
Geocortex.Gis.Geometries.Polygon,1325,,1958,MAY,1958,4,None,5051,0.23,0.254,2548,0,9228.9411147419,5323334.63108446,
Geocortex.Gis.Geometries.Polygon,1326,,1958,MAY,1958,4,None,5052,0.23,0.254,2548,0,9228.9787123794,5323378.00446747,
Geocortex.Gis.Geometries.Polygon,1327,,1958,MAY,1958,4,None,5053,0.23,0.254,2548,0,9229.0135919736,5323418.24244386,
Geocortex.Gis.Geometries.Polygon,1328,,1958,MAY,1958,4,None,5054,0.23,0.254,2548,0,9229.04752476086,5323457.38829409,
Geocortex.Gis.Geometries.Polygon,1329,,1958,MAY,1958,4,None,5055,0.23,0.254,2548,0,9229.08077952214,5323495.75207782,
Geocortex.Gis.Geometries.Polygon,1330,,1958,MAY,1958,4,None,5056,0.23,0.254,2548,0,9229.11307715662,5323533.01181844,
Geocortex.Gis.Geometries.Polygon,1331,,1958,MAY,1958,4,None,5057,0.23,0.254,2548,0,9229.14823602731,5323573.57254263,
Geocortex.Gis.Geometries.Polygon,1747,,1951,NOV,1950,5,None,5187,0.23,0.305,3058,0,9223.88830484428,5317507.21616092,
Geocortex.Gis.Geometries.Polygon,1748,,1951,NOV,1950,5,None,5188,0.23,0.305,3058,0,9223.88613377919,5317504.7129552,
Geocortex.Gis.Geometries.Polygon,1749,,1951,NOV,1950,5,None,5189,0.23,0.305,3058,0,9223.88038410959,5317498.08367489,
Geocortex.Gis.Geometries.Polygon,1750,,1951,NOV,1950,5,None,5190,0.23,0.305,3058,0,9223.87395203607,5317490.66759344,
Geocortex.Gis.Geometries.Polygon,1751,,1951,NOV,1950,5,None,5191,0.23,0.305,3058,0,9223.8689770895,5317484.93156485,
Geocortex.Gis.Geometries.Polygon,1752,,1951,NOV,1950,5,None,5192,0.23,0.305,3058,0,9223.86685409638,5317482.48379217,
Geocortex.Gis.Geometries.Polygon,1753,,1951,NOV,1950,5,None,5193,0.23,0.305,3058,0,9223.87070142326,5317486.91971112,
Geocortex.Gis.Geometries.Polygon,1754,,1951,NOV,1950,5,None,5194,0.23,0.305,3058,0,9223.87876840055,5317496.2208035,
Geocortex.Gis.Geometries.Polygon,1755,,1951,NOV,1950,5,None,5195,0.23,0.305,3058,0,9223.88010004342,5317497.75616854,
Geocortex.Gis.Geometries.Polygon,1756,,1951,NOV,1950,5,None,5196,0.23,0.305,3058,0,9223.88048823156,5317498.20374232,
Geocortex.Gis.Geometries.Polygon,1757,,1951,NOV,1950,5,None,5197,0.23,0.305,3058,0,9223.88153155317,5317499.40668309,
Geocortex.Gis.Geometries.Polygon,1758,,1951,NOV,1950,5,None,5198,0.23,0.305,3058,0,9223.8796141002,5317497.19588929,
Geocortex.Gis.Geometries.Polygon,1759,,1951,NOV,1950,5,None,5199,0.23,0.305,3058,0,9223.88186739779,5317499.79390573,
Geocortex.Gis.Geometries.Polygon,1760,,1951,NOV,1950,5,None,5200,0.23,0.305,3058,0,9223.88378953916,5317502.01010874,
Geocortex.Gis.Geometries.Polygon,1761,,1951,NOV,1950,5,None,5201,0.23,0.305,3058,0,9223.87277898864,5317489.31510791,
Geocortex.Gis.Geometries.Polygon,1762,,1951,NOV,1950,5,None,5202,0.23,0.305,3058,0,9223.86356230599,5317478.68840406,
Geocortex.Gis.Geometries.Polygon,1763,,1951,NOV,1950,5,None,5203,0.23,0.305,3058,0,9223.85796331837,5317472.23284455,
Geocortex.Gis.Geometries.Polygon,1764,,1951,NOV,1950,5,None,5204,0.23,0.305,3058,0,9223.85632607024,5317470.34512602,
Geocortex.Gis.Geometries.Polygon,1765,,1951,NOV,1950,5,None,5205,0.23,0.305,3058,0,9223.86339641344,5317478.49713768,
Geocortex.Gis.Geometries.Polygon,1766,,1951,NOV,1950,5,None,5206,0.23,0.305,3058,0,9223.87237887426,5317488.85378494,
Geocortex.Gis.Geometries.Polygon,1767,,1951,NOV,1950,5,None,5207,0.23,0.305,3058,0,9223.87760966366,5317494.88480415,
Geocortex.Gis.Geometries.Polygon,1768,,1951,NOV,1950,5,None,5208,0.23,0.305,3058,0,9223.87960454444,5317497.1848737,
Geocortex.Gis.Geometries.Polygon,1769,,1951,NOV,1950,5,None,5209,0.23,0.305,3058,0,9223.87796393392,5317495.29327654,
Geocortex.Gis.Geometries.Polygon,1770,,1951,NOV,1950,5,None,5210,0.23,0.305,3058,0,9223.87168160549,5317488.04984012,
Geocortex.Gis.Geometries.Polygon,1771,,1951,NOV,1950,5,None,5211,0.23,0.305,3058,0,9223.86934541316,5317485.35624238,
Geocortex.Gis.Geometries.Polygon,1772,,1951,NOV,1950,5,None,5212,0.23,0.305,3058,0,9223.86930964926,5317485.31499558,
Geocortex.Gis.Geometries.Polygon,1773,,1952,JUL,1952,5,None,5038,0.23,0.3048,4581,0,13827.5435939665,11950060.1147919,
Geocortex.Gis.Geometries.Polygon,1774,,1952,JUL,1952,5,None,5039,0.23,0.3048,4581,0,13827.4340970047,11949870.8562325,
Geocortex.Gis.Geometries.Polygon,1775,,1952,JUL,1952,5,None,5040,0.23,0.3048,4581,0,13827.3185875325,11949671.2070329,
Geocortex.Gis.Geometries.Polygon,1776,,1952,JUL,1952,5,None,5041,0.23,0.3048,4581,0,13827.1798887356,11949431.4792448,
Geocortex.Gis.Geometries.Polygon,1777,,1952,JUL,1952,5,None,5042,0.23,0.3048,4581,0,13827.0750749519,11949250.3200712,
Geocortex.Gis.Geometries.Polygon,1778,,1952,JUL,1952,5,None,5043,0.23,0.3048,4581,0,13826.9496598504,11949033.5555781,
Geocortex.Gis.Geometries.Polygon,1779,,1952,JUL,1952,5,None,5044,0.23,0.3048,4581,0,13826.8490268408,11948859.6252837,
Geocortex.Gis.Geometries.Polygon,1780,,1952,JUL,1952,5,None,5045,0.23,0.3048,4581,0,13826.7326715902,11948658.5228274,
Geocortex.Gis.Geometries.Polygon,1781,,1952,JUL,1952,5,None,5109,0.23,0.3048,4581,0,13825.9277896975,11947267.4525136,
Geocortex.Gis.Geometries.Polygon,1782,,1952,JUL,1952,5,None,5110,0.23,0.3048,4581,0,13825.9806188536,11947358.7541924,
Geocortex.Gis.Geometries.Polygon,1783,,1952,JUL,1952,5,None,5111,0.23,0.3048,4581,0,13826.0440018793,11947468.296004,
Geocortex.Gis.Geometries.Polygon,1784,,1952,JUL,1952,5,None,5112,0.23,0.3048,4581,0,13826.1018313834,11947568.2404166,
Geocortex.Gis.Geometries.Polygon,1785,,1952,JUL,1952,5,None,5113,0.23,0.3048,4581,0,13826.164578236,11947676.6837139,
Geocortex.Gis.Geometries.Polygon,1786,,1952,JUL,1952,5,None,5114,0.23,0.3048,4581,0,13826.2288235267,11947787.7171873,
Geocortex.Gis.Geometries.Polygon,1787,,1952,JUL,1952,5,None,5115,0.23,0.3048,4581,0,13826.2853014443,11947885.3268638,
Geocortex.Gis.Geometries.Polygon,1788,,1952,JUL,1952,5,None,5116,0.23,0.3048,4581,0,13826.3398833729,11947979.6602868,
Geocortex.Gis.Geometries.Polygon,1789,,1952,JUL,1952,5,None,5117,0.23,0.3048,4581,0,13826.4049804835,11948092.1672976,
Geocortex.Gis.Geometries.Polygon,1790,,1952,JUL,1952,5,None,5122,0.23,0.3048,4581,0,13826.7135996439,11948625.5600109,
Geocortex.Gis.Geometries.Polygon,1791,,1952,JUL,1952,5,None,5123,0.23,0.3048,4581,0,13826.7852231794,11948749.3501056,
Geocortex.Gis.Geometries.Polygon,1792,,1952,JUL,1952,5,None,5124,0.23,0.3048,4581,0,13826.8447874663,11948852.2981636,
Geocortex.Gis.Geometries.Polygon,1793,,1952,JUL,1952,5,None,5125,0.23,0.3048,4581,0,13826.911377679,11948967.3900044,
Geocortex.Gis.Geometries.Polygon,1794,,1952,JUL,1952,5,None,5126,0.23,0.3048,4581,0,13826.9780600965,11949082.6417451,
Geocortex.Gis.Geometries.Polygon,1795,,1952,JUL,1952,5,None,5127,0.23,0.3048,4581,0,13827.0326887341,11949177.0605472,
Geocortex.Gis.Geometries.Polygon,1796,,1952,JUL,1952,5,None,5128,0.23,0.3048,4581,0,13827.09987672,11949293.1871343,
Geocortex.Gis.Geometries.Polygon,1797,,1952,JUL,1952,5,None,5129,0.23,0.3048,4581,0,13827.1756912902,11949424.2244149,
Geocortex.Gis.Geometries.Polygon,1798,,1952,JUL,1952,5,None,5131,0.23,0.3048,4581,0,13827.2946359413,11949629.8087713,
Geocortex.Gis.Geometries.Polygon,1799,,1952,JUL,1952,5,None,5132,0.23,0.3048,4581,0,13827.3836140979,11949783.6001257,
Geocortex.Gis.Geometries.Polygon,1800,,1952,JUL,1952,5,None,5133,0.23,0.3048,4581,0,13827.4427381052,11949885.7917326,
Geocortex.Gis.Geometries.Polygon,1801,,1952,JUL,1952,5,None,5134,0.23,0.3048,4581,0,13827.5047472605,11949992.9705582,
Geocortex.Gis.Geometries.Polygon,1802,,1952,JUL,1952,5,None,5135,0.23,0.3048,4581,0,13827.5506488923,11950072.3088678,
Geocortex.Gis.Geometries.Polygon,1803,,1952,JUL,1952,5,None,5136,0.23,0.3048,4581,0,13827.615048943,11950183.6209794,
Geocortex.Gis.Geometries.Polygon,1804,,1952,JUL,1952,5,None,5137,0.23,0.3048,4581,0,13827.6823622172,11950299.9689825,
Geocortex.Gis.Geometries.Polygon,1805,,1952,JUL,1952,5,None,5138,0.23,0.3048,4581,0,13827.7348376732,11950390.6709164,
Geocortex.Gis.Geometries.Polygon,1806,,1952,JUL,1952,5,None,5139,0.23,0.3048,4581,0,13827.788273617,11950483.0333741,
Geocortex.Gis.Geometries.Polygon,1807,,1955,NOV,1955,5,None,5043,0.23,0.25602,2548,0,9155.61903399032,5239084.99338601,
Geocortex.Gis.Geometries.Polygon,1808,,1955,NOV,1955,5,None,5044,0.23,0.25602,2548,0,9155.65081375424,5239121.36387144,
Geocortex.Gis.Geometries.Polygon,1809,,1955,NOV,1955,5,None,5046,0.23,0.25602,2548,0,9155.72014254444,5239200.70794274,
Geocortex.Gis.Geometries.Polygon,1810,,1955,NOV,1955,5,None,5046,0.23,0.25602,2548,0,9155.68908279544,5239165.16119739,
Geocortex.Gis.Geometries.Polygon,1811,,1955,NOV,1955,5,None,5047,0.23,0.25602,2548,0,9155.75062137143,5239235.58995628,
Geocortex.Gis.Geometries.Polygon,1812,,1955,NOV,1955,5,None,5048,0.23,0.25602,2548,0,9155.78795981325,5239278.32273273,
Geocortex.Gis.Geometries.Polygon,1813,,1955,NOV,1955,5,None,5049,0.23,0.25602,2548,0,9155.81837949619,5239313.13731455,
Geocortex.Gis.Geometries.Polygon,1814,,1955,NOV,1955,5,None,5050,0.23,0.25602,2548,0,9155.85242430411,5239352.10090024,
Geocortex.Gis.Geometries.Polygon,1815,,1955,NOV,1955,5,None,5052,0.23,0.25602,2548,0,9155.90847278225,5239416.24755155,
Geocortex.Gis.Geometries.Polygon,1816,,1955,NOV,1955,5,None,5053,0.23,0.25602,2548,0,9155.94110775655,5239453.59797284,
Geocortex.Gis.Geometries.Polygon,1817,,1955,NOV,1955,5,None,5054,0.23,0.25602,2548,0,9155.96696464627,5239483.19103103,
Geocortex.Gis.Geometries.Polygon,1818,,1955,NOV,1955,5,None,5055,0.23,0.25602,2548,0,9155.99404183863,5239514.18081151,
Geocortex.Gis.Geometries.Polygon,1819,,1955,NOV,1955,5,None,5056,0.23,0.25602,2548,0,9156.02305450788,5239547.38583948,
Geocortex.Gis.Geometries.Polygon,1820,,1955,NOV,1955,5,None,5057,0.23,0.25602,2548,0,9156.05522173575,5239584.20138834,
Geocortex.Gis.Geometries.Polygon,1821,,1955,NOV,1955,5,None,5058,0.23,0.25602,2548,0,9156.09897582957,5239634.27836767,
Geocortex.Gis.Geometries.Polygon,1822,,1955,NOV,1955,5,None,5059,0.23,0.25602,2548,0,9156.13615623764,5239676.8318759,
Geocortex.Gis.Geometries.Polygon,1823,,1955,NOV,1955,5,None,5060,0.23,0.25602,2548,0,9156.16786685487,5239713.12527291,
Geocortex.Gis.Geometries.Polygon,1824,,1955,NOV,1955,5,None,5061,0.23,0.25602,2548,0,9156.19588131265,5239745.18846359,
Geocortex.Gis.Geometries.Polygon,1825,,1955,NOV,1955,5,None,5062,0.23,0.25602,2548,0,9156.2320627594,5239786.59910743,
Geocortex.Gis.Geometries.Polygon,1826,,1955,NOV,1955,5,None,5063,0.23,0.25602,2548,0,9156.26280240084,5239821.78158898,
Geocortex.Gis.Geometries.Polygon,1827,,1955,NOV,1955,5,None,5064,0.23,0.25602,2548,0,9156.29750503153,5239861.49994805,
Geocortex.Gis.Geometries.Polygon,1828,,1955,NOV,1955,5,None,5065,0.23,0.25602,2548,0,9156.33591083792,5239905.45690273,
Geocortex.Gis.Geometries.Polygon,1829,,1955,NOV,1955,5,None,5066,0.23,0.25602,2548,0,9156.37142980825,5239946.10991053,
Geocortex.Gis.Geometries.Polygon,1830,,1955,NOV,1955,5,None,5067,0.23,0.25602,2548,0,9156.41072499357,5239991.08515442,
Geocortex.Gis.Geometries.Polygon,1831,,1958,MAY,1958,5,None,5030,0.23,0.254,2548,0,9229.15344577246,5323579.58273787,
Geocortex.Gis.Geometries.Polygon,1832,,1958,MAY,1958,5,None,5031,0.23,0.254,2548,0,9229.11802273325,5323538.71725255,
Geocortex.Gis.Geometries.Polygon,1833,,1958,MAY,1958,5,None,5032,0.23,0.254,2548,0,9229.08920696074,5323505.47428719,
Geocortex.Gis.Geometries.Polygon,1834,,1958,MAY,1958,5,None,5033,0.23,0.254,2548,0,9229.06017515717,5323471.98219834,
Geocortex.Gis.Geometries.Polygon,1835,,1958,MAY,1958,5,None,5034,0.23,0.254,2548,0,9229.02783139469,5323434.6694411,
Geocortex.Gis.Geometries.Polygon,1836,,1958,MAY,1958,5,None,5035,0.23,0.254,2548,0,9228.99263579863,5323394.06686355,
Geocortex.Gis.Geometries.Polygon,1837,,1958,MAY,1958,5,None,5036,0.23,0.254,2548,0,9228.95758048491,5323353.62629575,
Geocortex.Gis.Geometries.Polygon,1838,,1958,MAY,1958,5,None,5037,0.23,0.254,2548,0,9228.90853019103,5323297.04107682,
Geocortex.Gis.Geometries.Polygon,1839,,1958,MAY,1958,5,None,5038,0.23,0.254,2548,0,9228.86707418484,5323249.2169741,
Geocortex.Gis.Geometries.Polygon,1840,,1958,MAY,1958,5,None,5039,0.23,0.254,2548,0,9228.83856317112,5323216.32647952,
Geocortex.Gis.Geometries.Polygon,1841,,1958,MAY,1958,5,None,5040,0.23,0.254,2548,0,9228.81173945885,5323185.3825691,
Geocortex.Gis.Geometries.Polygon,1842,,1958,MAY,1958,5,None,5041,0.23,0.254,2548,0,9228.78268647254,5323151.86705633,
Geocortex.Gis.Geometries.Polygon,1843,,1958,MAY,1958,5,None,5042,0.23,0.254,2548,0,9228.7530238931,5323117.64842642,
Geocortex.Gis.Geometries.Polygon,1844,,1958,MAY,1958,5,None,5043,0.23,0.254,2548,0,9228.72400108999,5323084.16794427,
Geocortex.Gis.Geometries.Polygon,1845,,1958,MAY,1958,5,None,5044,0.23,0.254,2548,0,9228.69371302312,5323049.2279732,
Geocortex.Gis.Geometries.Polygon,1846,,1958,MAY,1958,5,None,5045,0.23,0.254,2548,0,9228.66390568701,5323014.8426783,
Geocortex.Gis.Geometries.Polygon,1847,,1958,MAY,1958,5,None,5046,0.23,0.254,2548,0,9228.63277329756,5322978.9289425,
Geocortex.Gis.Geometries.Polygon,1848,,1958,MAY,1958,5,None,5047,0.23,0.254,2548,0,9228.60487986746,5322946.75170887,
Geocortex.Gis.Geometries.Polygon,1849,,1958,MAY,1958,5,None,5048,0.23,0.254,2548,0,9228.57524551948,5322912.56629347,
Geocortex.Gis.Geometries.Polygon,1850,,1958,MAY,1958,5,None,5049,0.23,0.254,2548,0,9228.54170398811,5322873.87378603,
Geocortex.Gis.Geometries.Polygon,1851,,1958,MAY,1958,5,None,5050,0.23,0.254,2548,0,9228.5125913969,5322840.29048906,
Geocortex.Gis.Geometries.Polygon,1852,,1958,MAY,1958,5,None,5051,0.23,0.254,2548,0,9228.48521186243,5322808.70649746,
Geocortex.Gis.Geometries.Polygon,1853,,1958,MAY,1958,5,None,5052,0.23,0.254,2548,0,9228.45918989466,5322778.68862631,
Geocortex.Gis.Geometries.Polygon,1854,,1958,MAY,1958,5,None,5053,0.23,0.254,2548,0,9228.43380380192,5322749.40436258,
Geocortex.Gis.Geometries.Polygon,2329,,1951,NOV,1950,6,None,5011,0.23,0.305,3058,0,9223.93927866142,5317565.98840868,
Geocortex.Gis.Geometries.Polygon,2330,,1951,NOV,1950,6,None,5012,0.23,0.305,3058,0,9223.93623031836,5317562.47370186,
Geocortex.Gis.Geometries.Polygon,2331,,1951,NOV,1950,6,None,5013,0.23,0.305,3058,0,9223.93677257738,5317563.0989243,
Geocortex.Gis.Geometries.Polygon,2332,,1951,NOV,1950,6,None,5014,0.23,0.305,3058,0,9223.94048278352,5317567.3767646,
Geocortex.Gis.Geometries.Polygon,2333,,1951,NOV,1950,6,None,5015,0.23,0.305,3058,0,9223.94371003752,5317571.097767,
Geocortex.Gis.Geometries.Polygon,2334,,1951,NOV,1950,6,None,5016,0.23,0.305,3058,0,9223.94645895392,5317574.26726057,
Geocortex.Gis.Geometries.Polygon,2335,,1951,NOV,1950,6,None,5017,0.23,0.305,3058,0,9223.95001666421,5317578.36926438,
Geocortex.Gis.Geometries.Polygon,2336,,1951,NOV,1950,6,None,5018,0.23,0.305,3058,0,9223.94389473367,5317571.31073116,
Geocortex.Gis.Geometries.Polygon,2337,,1951,NOV,1950,6,None,5019,0.23,0.305,3058,0,9223.94655655862,5317574.3797998,
Geocortex.Gis.Geometries.Polygon,2338,,1951,NOV,1950,6,None,5020,0.23,0.305,3058,0,9223.94142067125,5317568.45816874,
Geocortex.Gis.Geometries.Polygon,2339,,1951,NOV,1950,6,None,5021,0.23,0.305,3058,0,9223.94130388902,5317568.32352702,
Geocortex.Gis.Geometries.Polygon,2340,,1951,NOV,1950,6,None,5022,0.23,0.305,3058,0,9223.94011677283,5317566.95478956,
Geocortex.Gis.Geometries.Polygon,2341,,1951,NOV,1950,6,None,5023,0.23,0.305,3058,0,9223.93437757269,5317560.33753459,
Geocortex.Gis.Geometries.Polygon,2342,,1951,NOV,1950,6,None,5024,0.23,0.305,3058,0,9223.92936472048,5317554.55776092,
Geocortex.Gis.Geometries.Polygon,2343,,1951,NOV,1950,6,None,5025,0.23,0.305,3058,0,9223.91842134635,5317541.94014065,
Geocortex.Gis.Geometries.Polygon,2344,,1951,NOV,1950,6,None,5026,0.23,0.305,3058,0,9223.90549855038,5317527.04026637,
Geocortex.Gis.Geometries.Polygon,2345,,1951,NOV,1950,6,None,5027,0.23,0.305,3058,0,9223.90835983893,5317530.33929336,
Geocortex.Gis.Geometries.Polygon,2346,,1951,NOV,1950,6,None,5028,0.23,0.305,3058,0,9223.90988177685,5317532.0940876,
Geocortex.Gis.Geometries.Polygon,2347,,1951,NOV,1950,6,None,5029,0.23,0.305,3058,0,9223.91424880826,5317537.12925476,
Geocortex.Gis.Geometries.Polygon,2348,,1951,NOV,1950,6,None,5030,0.23,0.305,3058,0,9223.92432513303,5317548.74716061,
Geocortex.Gis.Geometries.Polygon,2349,,1951,NOV,1950,6,None,5031,0.23,0.305,3058,0,9223.92363521406,5317547.95169111,
Geocortex.Gis.Geometries.Polygon,2350,,1951,NOV,1950,6,None,5032,0.23,0.305,3058,0,9223.92532542485,5317549.90049584,
Geocortex.Gis.Geometries.Polygon,2351,,1951,NOV,1950,6,None,5033,0.23,0.305,3058,0,9223.91896755612,5317542.56992406,
Geocortex.Gis.Geometries.Polygon,2352,,1951,NOV,1950,6,None,5034,0.23,0.305,3058,0,9223.91657369059,5317539.8098153,
Geocortex.Gis.Geometries.Polygon,2353,,1951,NOV,1950,6,None,5035,0.23,0.305,3058,0,9223.91493210009,5317537.91707157,
Geocortex.Gis.Geometries.Polygon,2354,,1951,NOV,1950,6,None,5036,0.23,0.305,3058,0,9223.91650145859,5317539.7265492,
Geocortex.Gis.Geometries.Polygon,2355,,1955,NOV,1955,6,None,5070,0.23,0.25602,2548,0,9156.38058504884,5239956.5885075,
Geocortex.Gis.Geometries.Polygon,2356,,1955,NOV,1955,6,None,5071,0.23,0.25602,2548,0,9156.34475950264,5239915.58457591,
Geocortex.Gis.Geometries.Polygon,2357,,1955,NOV,1955,6,None,5072,0.23,0.25602,2548,0,9156.31548916766,5239882.08348702,
Geocortex.Gis.Geometries.Polygon,2358,,1955,NOV,1955,6,None,5073,0.23,0.25602,2548,0,9156.27984210668,5239841.28412202,
Geocortex.Gis.Geometries.Polygon,2359,,1955,NOV,1955,6,None,5074,0.23,0.25602,2548,0,9156.24417243191,5239800.45900156,
Geocortex.Gis.Geometries.Polygon,2360,,1955,NOV,1955,6,None,5075,0.23,0.25602,2548,0,9156.21861270232,5239771.20513535,
Geocortex.Gis.Geometries.Polygon,2361,,1955,NOV,1955,6,None,5076,0.23,0.25602,2548,0,9156.18817104882,5239736.36387831,
Geocortex.Gis.Geometries.Polygon,2362,,1955,NOV,1955,6,None,5077,0.23,0.25602,2548,0,9156.15482092534,5239698.19393929,
Geocortex.Gis.Geometries.Polygon,2363,,1955,NOV,1955,6,None,5078,0.23,0.25602,2548,0,9156.11560251924,5239653.30783667,
Geocortex.Gis.Geometries.Polygon,2364,,1955,NOV,1955,6,None,5079,0.23,0.25602,2548,0,9156.07900260233,5239611.41879645,
Geocortex.Gis.Geometries.Polygon,2365,,1955,NOV,1955,6,None,5080,0.23,0.25602,2548,0,9156.04133850861,5239568.31195757,
Geocortex.Gis.Geometries.Polygon,2366,,1955,NOV,1955,6,None,5081,0.23,0.25602,2548,0,9156.01144387929,5239534.09745811,
Geocortex.Gis.Geometries.Polygon,2367,,1955,NOV,1955,6,None,5085,0.23,0.25602,2548,0,9155.88708232611,5239391.76644764,
Geocortex.Gis.Geometries.Polygon,2368,,1955,NOV,1955,6,None,5086,0.23,0.25602,2548,0,9155.85630709108,5239356.5446841,
Geocortex.Gis.Geometries.Polygon,2369,,1955,NOV,1955,6,None,5087,0.23,0.25602,2548,0,9155.82491515498,5239320.61723615,
Geocortex.Gis.Geometries.Polygon,2370,,1955,NOV,1955,6,None,5088,0.23,0.25602,2548,0,9155.7894239929,5239279.9984541,
Geocortex.Gis.Geometries.Polygon,2371,,1955,NOV,1955,6,None,5089,0.23,0.25602,2548,0,9155.75598862159,5239241.73260993,
Geocortex.Gis.Geometries.Polygon,2372,,1955,NOV,1955,6,None,5090,0.23,0.25602,2548,0,9155.72487471166,5239206.12374786,
Geocortex.Gis.Geometries.Polygon,2373,,1955,NOV,1955,6,None,5091,0.23,0.25602,2548,0,9155.6922748372,5239168.81436879,
Geocortex.Gis.Geometries.Polygon,2374,,1955,NOV,1955,6,None,5092,0.23,0.25602,2548,0,9155.66235748127,5239134.57515996,
Geocortex.Gis.Geometries.Polygon,2375,,1955,NOV,1955,6,None,5093,0.23,0.25602,2548,0,9155.63468797122,5239102.9086304,
Geocortex.Gis.Geometries.Polygon,2376,,1955,NOV,1955,6,None,5094,0.23,0.25602,2548,0,9155.61109918555,5239075.91237899,
Geocortex.Gis.Geometries.Polygon,2377,,1955,NOV,1955,6,None,5095,0.23,0.25602,2548,0,9155.56831084861,5239026.94331841,
Geocortex.Gis.Geometries.Polygon,2378,,1958,MAY,1958,6,None,5004,0.23,0.254,2548,0,9228.40707124491,5322718.56694364,
Geocortex.Gis.Geometries.Polygon,2379,,1958,MAY,1958,6,None,5005,0.23,0.254,2548,0,9228.44396730987,5322761.12851406,
Geocortex.Gis.Geometries.Polygon,2380,,1958,MAY,1958,6,None,5006,0.23,0.254,2548,0,9228.47083594032,5322792.12301102,
Geocortex.Gis.Geometries.Polygon,2381,,1958,MAY,1958,6,None,5007,0.23,0.254,2548,0,9228.50763002166,5322834.56722925,
Geocortex.Gis.Geometries.Polygon,2382,,1958,MAY,1958,6,None,5008,0.23,0.254,2548,0,9228.54960582653,5322882.98910236,
Geocortex.Gis.Geometries.Polygon,2383,,1958,MAY,1958,6,None,5009,0.23,0.254,2548,0,9228.58777334678,5322927.01805871,
Geocortex.Gis.Geometries.Polygon,2384,,1958,MAY,1958,6,None,5010,0.23,0.254,2548,0,9228.62302897787,5322967.68810727,
Geocortex.Gis.Geometries.Polygon,2385,,1958,MAY,1958,6,None,5011,0.23,0.254,2548,0,9228.6603754116,5323010.77021757,
Geocortex.Gis.Geometries.Polygon,2386,,1958,MAY,1958,6,None,5012,0.23,0.254,2548,0,9228.69564064405,5323051.45165317,
Geocortex.Gis.Geometries.Polygon,2387,,1958,MAY,1958,6,None,5013,0.23,0.254,2548,0,9228.72950427798,5323090.51637303,
Geocortex.Gis.Geometries.Polygon,2388,,1958,MAY,1958,6,None,5014,0.23,0.254,2548,0,9228.76451283695,5323130.90201493,
Geocortex.Gis.Geometries.Polygon,2389,,1958,MAY,1958,6,None,5015,0.23,0.254,2548,0,9228.80011261845,5323171.96984496,
Geocortex.Gis.Geometries.Polygon,2390,,1958,MAY,1958,6,None,5016,0.23,0.254,2548,0,9228.83162435818,5323208.32184973,
Geocortex.Gis.Geometries.Polygon,2391,,1958,MAY,1958,6,None,5017,0.23,0.254,2548,0,9228.87035689816,5323253.00395724,
Geocortex.Gis.Geometries.Polygon,2392,,1958,MAY,1958,6,None,5018,0.23,0.254,2548,0,9228.91140905373,5323300.36218219,
Geocortex.Gis.Geometries.Polygon,2393,,1958,MAY,1958,6,None,5019,0.23,0.254,2548,0,9228.96326206275,5323360.18067749,
Geocortex.Gis.Geometries.Polygon,2394,,1958,MAY,1958,6,None,5020,0.23,0.254,2548,0,9229.00637478993,5323409.91651167,
Geocortex.Gis.Geometries.Polygon,2395,,1958,MAY,1958,6,None,5021,0.23,0.254,2548,0,9229.04334599033,5323452.5675494,
Geocortex.Gis.Geometries.Polygon,2396,,1958,MAY,1958,6,None,5022,0.23,0.254,2548,0,9229.08015495279,5323495.03159142,
Geocortex.Gis.Geometries.Polygon,2397,,1958,MAY,1958,6,None,5023,0.23,0.254,2548,0,9229.11269257425,5323532.568192,
Geocortex.Gis.Geometries.Polygon,2398,,1958,MAY,1958,6,None,5024,0.23,0.254,2548,0,9229.15035333777,5323576.01517174,
Geocortex.Gis.Geometries.Polygon,2882,,1951,JAN,1951,7,None,5058,0.23,0.305,3058,0,9223.9659586565,5317596.75028371,
Geocortex.Gis.Geometries.Polygon,2883,,1951,JAN,1951,7,None,5059,0.23,0.305,3058,0,9223.96821466966,5317599.35146254,
Geocortex.Gis.Geometries.Polygon,2884,,1951,JAN,1951,7,None,5060,0.23,0.305,3058,0,9223.97144660466,5317603.07787957,
Geocortex.Gis.Geometries.Polygon,2885,,1951,JAN,1951,7,None,5061,0.23,0.305,3058,0,9223.97552701359,5317607.78258812,
Geocortex.Gis.Geometries.Polygon,2886,,1951,JAN,1951,7,None,5062,0.23,0.305,3058,0,9223.97795329201,5317610.58008888,
Geocortex.Gis.Geometries.Polygon,2887,,1951,JAN,1951,7,None,5063,0.23,0.305,3058,0,9223.98232281966,5317615.61815064,
Geocortex.Gis.Geometries.Polygon,2888,,1951,JAN,1951,7,None,5064,0.23,0.305,3058,0,9223.98712349712,5317621.15332105,
Geocortex.Gis.Geometries.Polygon,2889,,1951,JAN,1951,7,None,5065,0.23,0.305,3058,0,9223.9767278662,5317609.16717774,
Geocortex.Gis.Geometries.Polygon,2890,,1951,JAN,1951,7,None,5066,0.23,0.305,3058,0,9223.97232973583,5317604.09614563,
Geocortex.Gis.Geometries.Polygon,2891,,1951,JAN,1951,7,None,5067,0.23,0.305,3058,0,9223.96213015315,5317592.33604058,
Geocortex.Gis.Geometries.Polygon,2892,,1951,JAN,1951,7,None,5068,0.23,0.305,3058,0,9223.96096735652,5317590.99532677,
Geocortex.Gis.Geometries.Polygon,2893,,1951,JAN,1951,7,None,5069,0.23,0.305,3058,0,9223.96780134355,5317598.87488672,
Geocortex.Gis.Geometries.Polygon,2894,,1951,JAN,1951,7,None,5070,0.23,0.305,3058,0,9223.97413942288,5317606.1826809,
Geocortex.Gis.Geometries.Polygon,2895,,1951,JAN,1951,7,None,5071,0.23,0.305,3058,0,9223.97074891182,5317602.2734637,
Geocortex.Gis.Geometries.Polygon,2896,,1951,JAN,1951,7,None,5072,0.23,0.305,3058,0,9223.9813741501,5317614.5243408,
Geocortex.Gis.Geometries.Polygon,2897,,1951,JAN,1951,7,None,5073,0.23,0.305,3058,0,9223.9817923766,5317615.00656041,
Geocortex.Gis.Geometries.Polygon,2898,,1951,JAN,1951,7,None,5074,0.23,0.305,3058,0,9223.98164645673,5317614.83831021,
Geocortex.Gis.Geometries.Polygon,2899,,1951,JAN,1951,7,None,5075,0.23,0.305,3058,0,9223.98360679966,5317617.09857271,
Geocortex.Gis.Geometries.Polygon,2900,,1951,JAN,1951,7,None,5076,0.23,0.305,3058,0,9223.98400481776,5317617.55746851,
Geocortex.Gis.Geometries.Polygon,2901,,1951,JAN,1951,7,None,5077,0.23,0.305,3058,0,9223.98656147897,5317620.50527363,
Geocortex.Gis.Geometries.Polygon,2902,,1951,JAN,1951,7,None,5078,0.23,0.305,3058,0,9223.99137411145,5317626.05422427,
Geocortex.Gis.Geometries.Polygon,2903,,1951,JAN,1951,7,None,5079,0.23,0.305,3058,0,9223.99282079808,5317627.72225278,
Geocortex.Gis.Geometries.Polygon,2904,,1951,JAN,1951,7,None,5080,0.23,0.305,3058,0,9223.99299477635,5317627.92285086,
Geocortex.Gis.Geometries.Polygon,2905,,1951,JAN,1951,7,None,5081,0.23,0.305,3058,0,9223.99493752145,5317630.16284097,
Geocortex.Gis.Geometries.Polygon,2906,,1951,JAN,1951,7,None,5082,0.23,0.305,3058,0,9223.98415704341,5317617.73296016,
Geocortex.Gis.Geometries.Polygon,2907,,1951,JAN,1951,7,None,5083,0.23,0.305,3058,0,9223.98829564638,5317622.5047524,
Geocortex.Gis.Geometries.Polygon,2908,,1951,JAN,1951,7,None,5084,0.23,0.305,3058,0,9223.98853998078,5317622.78644847,
Geocortex.Gis.Geometries.Polygon,2909,,1951,JAN,1951,7,None,5085,0.23,0.305,3058,0,9223.98535979531,5317619.11967745,
Geocortex.Gis.Geometries.Polygon,2910,,1951,JAN,1951,7,None,5086,0.23,0.305,3058,0,9223.98422399561,5317617.81007674,
Geocortex.Gis.Geometries.Polygon,2911,,1951,JAN,1951,7,None,5087,0.23,0.305,3058,0,9223.98896290504,5317623.27407705,
Geocortex.Gis.Geometries.Polygon,2912,,1955,DEC,1955,7,None,5068,0.23,0.25602,2548,0,9156.36966679212,5239944.09206841,
Geocortex.Gis.Geometries.Polygon,2913,,1955,DEC,1955,7,None,5069,0.23,0.25602,2548,0,9156.33935350702,5239909.39718654,
Geocortex.Gis.Geometries.Polygon,2914,,1955,DEC,1955,7,None,5070,0.23,0.25602,2548,0,9156.30284083256,5239867.60698468,
Geocortex.Gis.Geometries.Polygon,2915,,1955,DEC,1955,7,None,5071,0.23,0.25602,2548,0,9156.26530889399,5239824.65034644,
Geocortex.Gis.Geometries.Polygon,2916,,1955,DEC,1955,7,None,5072,0.23,0.25602,2548,0,9156.23181197475,5239786.3120707,
Geocortex.Gis.Geometries.Polygon,2917,,1955,DEC,1955,7,None,5073,0.23,0.25602,2548,0,9156.19563174112,5239744.90281175,
Geocortex.Gis.Geometries.Polygon,2918,,1955,DEC,1955,7,None,5074,0.23,0.25602,2548,0,9156.15941403613,5239703.45083427,
Geocortex.Gis.Geometries.Polygon,2919,,1955,DEC,1955,7,None,5075,0.23,0.25602,2548,0,9156.11198781399,5239649.17074515,
Geocortex.Gis.Geometries.Polygon,2920,,1955,DEC,1955,7,None,5076,0.23,0.25602,2548,0,9156.06305161913,5239593.16274337,
Geocortex.Gis.Geometries.Polygon,2921,,1955,DEC,1955,7,None,5077,0.23,0.25602,2548,0,9156.01765945753,5239541.21117585,
Geocortex.Gis.Geometries.Polygon,2922,,1955,DEC,1955,7,None,5078,0.23,0.25602,2548,0,9155.98299946413,5239501.54281835,
Geocortex.Gis.Geometries.Polygon,2923,,1955,DEC,1955,7,None,5079,0.23,0.25602,2548,0,9155.9448549992,5239457.88665323,
Geocortex.Gis.Geometries.Polygon,2924,,1955,DEC,1955,7,None,5080,0.23,0.25602,2548,0,9155.90861913918,5239416.41504665,
Geocortex.Gis.Geometries.Polygon,2925,,1955,DEC,1955,7,None,5081,0.23,0.25602,2548,0,9155.8739657097,5239376.75467245,
Geocortex.Gis.Geometries.Polygon,2926,,1955,DEC,1955,7,None,5082,0.23,0.25602,2548,0,9155.8428408711,5239341.13284973,
Geocortex.Gis.Geometries.Polygon,2927,,1955,DEC,1955,7,None,5083,0.23,0.25602,2548,0,9155.80987156844,5239303.40019047,
Geocortex.Gis.Geometries.Polygon,2928,,1955,DEC,1955,7,None,5084,0.23,0.25602,2548,0,9155.7736179645,5239261.90888837,
Geocortex.Gis.Geometries.Polygon,2929,,1955,DEC,1955,7,None,5085,0.23,0.25602,2548,0,9155.73887648312,5239222.1483204,
Geocortex.Gis.Geometries.Polygon,2930,,1955,DEC,1955,7,None,5086,0.23,0.25602,2548,0,9155.70967652706,5239188.72997482,
Geocortex.Gis.Geometries.Polygon,2931,,1955,DEC,1955,7,None,5087,0.23,0.25602,2548,0,9155.67864424669,5239153.21470463,
Geocortex.Gis.Geometries.Polygon,2932,,1955,DEC,1955,7,None,5088,0.23,0.25602,2548,0,9155.65257982345,5239123.38506679,
Geocortex.Gis.Geometries.Polygon,2933,,1955,DEC,1955,7,None,5089,0.23,0.25602,2548,0,9155.62149587061,5239087.81089299,
Geocortex.Gis.Geometries.Polygon,2934,,1955,DEC,1955,7,None,5090,0.23,0.25602,2548,0,9155.58978432689,5239051.51858507,
Geocortex.Gis.Geometries.Polygon,2935,,1955,DEC,1955,7,None,5091,0.23,0.25602,2548,0,9155.54712332967,5239002.69539016,
Geocortex.Gis.Geometries.Polygon,2936,,1958,MAY,1958,7,None,5055,0.23,0.254,2548,0,9228.37577700323,5322682.46750721,
Geocortex.Gis.Geometries.Polygon,2937,,1958,MAY,1958,7,None,5056,0.23,0.254,2548,0,9228.41331491884,5322725.76933754,
Geocortex.Gis.Geometries.Polygon,2938,,1958,MAY,1958,7,None,5057,0.23,0.254,2548,0,9228.44752376468,5322765.23108938,
Geocortex.Gis.Geometries.Polygon,2939,,1958,MAY,1958,7,None,5058,0.23,0.254,2548,0,9228.48058574465,5322803.37000053,
Geocortex.Gis.Geometries.Polygon,2940,,1958,MAY,1958,7,None,5059,0.23,0.254,2548,0,9228.51827491385,5322846.84681194,
Geocortex.Gis.Geometries.Polygon,2941,,1958,MAY,1958,7,None,5060,0.23,0.254,2548,0,9228.55256911076,5322886.4074686,
Geocortex.Gis.Geometries.Polygon,2942,,1958,MAY,1958,7,None,5061,0.23,0.254,2548,0,9228.59186893601,5322931.74263573,
Geocortex.Gis.Geometries.Polygon,2943,,1958,MAY,1958,7,None,5062,0.23,0.254,2548,0,9228.62777674796,5322973.16503513,
Geocortex.Gis.Geometries.Polygon,2944,,1958,MAY,1958,7,None,5063,0.23,0.254,2548,0,9228.66042079679,5323010.8225747,
Geocortex.Gis.Geometries.Polygon,2945,,1958,MAY,1958,7,None,5064,0.23,0.254,2548,0,9228.69226293145,5323047.55516862,
Geocortex.Gis.Geometries.Polygon,2946,,1958,MAY,1958,7,None,5065,0.23,0.254,2548,0,9228.72339683592,5323083.47087278,
Geocortex.Gis.Geometries.Polygon,2947,,1958,MAY,1958,7,None,5066,0.23,0.254,2548,0,9228.7532940139,5323117.96002986,
Geocortex.Gis.Geometries.Polygon,2948,,1958,MAY,1958,7,None,5068,0.23,0.254,2548,0,9228.82259860486,5323197.90968285,
Geocortex.Gis.Geometries.Polygon,2949,,1958,MAY,1958,7,None,5069,0.23,0.254,2548,0,9228.85627253413,5323236.75610088,
Geocortex.Gis.Geometries.Polygon,2950,,1958,MAY,1958,7,None,5070,0.23,0.254,2548,0,9228.90729176372,5323295.61240346,
Geocortex.Gis.Geometries.Polygon,2951,,1958,MAY,1958,7,None,5071,0.23,0.254,2548,0,9228.95524183274,5323350.92837055,
Geocortex.Gis.Geometries.Polygon,2952,,1958,MAY,1958,7,None,5072,0.23,0.254,2548,0,9228.99907641932,5323401.49691908,
Geocortex.Gis.Geometries.Polygon,2953,,1958,MAY,1958,7,None,5073,0.23,0.254,2548,0,9229.03601702,5323444.11261417,
Geocortex.Gis.Geometries.Polygon,2954,,1958,MAY,1958,7,None,5074,0.23,0.254,2548,0,9229.06895826024,5323482.11468191,
Geocortex.Gis.Geometries.Polygon,2955,,1958,MAY,1958,7,None,5075,0.23,0.254,2548,0,9229.10102677054,5323519.11006734,
Geocortex.Gis.Geometries.Polygon,2956,,1958,MAY,1958,7,None,5076,0.23,0.254,2548,0,9229.1416893285,5323566.0200103,
Geocortex.Gis.Geometries.Polygon,3483,,1951,JAN,1951,8,None,5021,0.23,0.305,3058,0,9224.05959809684,5317704.71671959,
Geocortex.Gis.Geometries.Polygon,3484,,1951,JAN,1951,8,None,5022,0.23,0.305,3058,0,9224.05303742834,5317697.15221336,
Geocortex.Gis.Geometries.Polygon,3485,,1951,JAN,1951,8,None,5023,0.23,0.305,3058,0,9224.04515087462,5317688.05897859,
Geocortex.Gis.Geometries.Polygon,3486,,1951,JAN,1951,8,None,5024,0.23,0.305,3058,0,9224.03875830012,5317680.6882982,
Geocortex.Gis.Geometries.Polygon,3487,,1951,JAN,1951,8,None,5025,0.23,0.305,3058,0,9224.03647911612,5317678.06041436,
Geocortex.Gis.Geometries.Polygon,3488,,1951,JAN,1951,8,None,5026,0.23,0.305,3058,0,9224.03570196051,5317677.16434672,
Geocortex.Gis.Geometries.Polygon,3489,,1951,JAN,1951,8,None,5027,0.23,0.305,3058,0,9224.03702707507,5317678.69220501,
Geocortex.Gis.Geometries.Polygon,3490,,1951,JAN,1951,8,None,5028,0.23,0.305,3058,0,9224.03865674316,5317680.57121335,
Geocortex.Gis.Geometries.Polygon,3491,,1951,JAN,1951,8,None,5029,0.23,0.305,3058,0,9224.04044284501,5317682.63057479,
Geocortex.Gis.Geometries.Polygon,3492,,1951,JAN,1951,8,None,5030,0.23,0.305,3058,0,9224.03799547981,5317679.8087545,
Geocortex.Gis.Geometries.Polygon,3493,,1951,JAN,1951,8,None,5031,0.23,0.305,3058,0,9224.03617514292,5317677.70988407,
Geocortex.Gis.Geometries.Polygon,3494,,1951,JAN,1951,8,None,5032,0.23,0.305,3058,0,9224.03148609319,5317672.3033977,
Geocortex.Gis.Geometries.Polygon,3495,,1951,JAN,1951,8,None,5033,0.23,0.305,3058,0,9224.02890276517,5317669.32482695,
Geocortex.Gis.Geometries.Polygon,3496,,1951,JAN,1951,8,None,5034,0.23,0.305,3058,0,9224.0197759597,5317658.80162026,
Geocortex.Gis.Geometries.Polygon,3497,,1951,JAN,1951,8,None,5035,0.23,0.305,3058,0,9224.01839538675,5317657.20982709,
Geocortex.Gis.Geometries.Polygon,3498,,1951,JAN,1951,8,None,5036,0.23,0.305,3058,0,9224.02310097772,5317662.63538544,
Geocortex.Gis.Geometries.Polygon,3499,,1951,JAN,1951,8,None,5037,0.23,0.305,3058,0,9224.02453952503,5317664.29404059,
Geocortex.Gis.Geometries.Polygon,3500,,1951,JAN,1951,8,None,5038,0.23,0.305,3058,0,9224.01669634372,5317655.25082073,
Geocortex.Gis.Geometries.Polygon,3501,,1951,JAN,1951,8,None,5039,0.23,0.305,3058,0,9224.00596490141,5317642.87742743,
Geocortex.Gis.Geometries.Polygon,3502,,1951,JAN,1951,8,None,5040,0.23,0.305,3058,0,9224.0004750252,5317636.54757613,
Geocortex.Gis.Geometries.Polygon,3503,,1951,JAN,1951,8,None,5041,0.23,0.305,3058,0,9223.99830647033,5317634.04722806,
Geocortex.Gis.Geometries.Polygon,3504,,1951,JAN,1951,8,None,5042,0.23,0.305,3058,0,9223.99953783814,5317635.46700932,
Geocortex.Gis.Geometries.Polygon,3505,,1951,JAN,1951,8,None,5043,0.23,0.305,3058,0,9224.00176784236,5317638.0382213,
Geocortex.Gis.Geometries.Polygon,3506,,1951,JAN,1951,8,None,5044,0.23,0.305,3058,0,9224.00608430119,5317643.01511151,
Geocortex.Gis.Geometries.Polygon,3507,,1951,JAN,1951,8,None,5045,0.23,0.305,3058,0,9224.00673627889,5317643.76684572,
Geocortex.Gis.Geometries.Polygon,3508,,1951,JAN,1951,8,None,5046,0.23,0.305,3058,0,9224.00227608299,5317638.62423743,
Geocortex.Gis.Geometries.Polygon,3509,,1951,JAN,1951,8,None,5047,0.23,0.305,3058,0,9223.99778143522,5317633.44189879,
Geocortex.Gis.Geometries.Polygon,3510,,1951,JAN,1951,8,None,5048,0.23,0.305,3058,0,9223.99597536079,5317631.35948189,
Geocortex.Gis.Geometries.Polygon,3511,,1951,JAN,1951,8,None,5049,0.23,0.305,3058,0,9223.99327383065,5317628.24461228,
Geocortex.Gis.Geometries.Polygon,3512,,1951,JAN,1951,8,None,5050,0.23,0.305,3058,0,9223.98655335683,5317620.49589372,
Geocortex.Gis.Geometries.Polygon,3513,,1951,JAN,1951,8,None,5051,0.23,0.305,3058,0,9223.98974676919,5317624.17793647,
Geocortex.Gis.Geometries.Polygon,3514,,1955,DEC,1955,8,None,5042,0.23,0.25602,2548,0,9155.53085640758,5238984.07880092,
Geocortex.Gis.Geometries.Polygon,3515,,1955,DEC,1955,8,None,5043,0.23,0.25602,2548,0,9155.56775327652,5239026.30517278,
Geocortex.Gis.Geometries.Polygon,3516,,1955,DEC,1955,8,None,5044,0.23,0.25602,2548,0,9155.60330549326,5239066.99287268,
Geocortex.Gis.Geometries.Polygon,3517,,1955,DEC,1955,8,None,5045,0.23,0.25602,2548,0,9155.63624402814,5239104.68947255,
Geocortex.Gis.Geometries.Polygon,3518,,1955,DEC,1955,8,None,5046,0.23,0.25602,2548,0,9155.6674692612,5239140.42539843,
Geocortex.Gis.Geometries.Polygon,3519,,1955,DEC,1955,8,None,5047,0.23,0.25602,2548,0,9155.70152449576,5239179.40026367,
Geocortex.Gis.Geometries.Polygon,3520,,1955,DEC,1955,8,None,5048,0.23,0.25602,2548,0,9155.73657081184,5239219.5095457,
Geocortex.Gis.Geometries.Polygon,3521,,1955,DEC,1955,8,None,5049,0.23,0.25602,2548,0,9155.77170878913,5239259.72388195,
Geocortex.Gis.Geometries.Polygon,3522,,1955,DEC,1955,8,None,5050,0.23,0.25602,2548,0,9155.80361983977,5239296.24521935,
Geocortex.Gis.Geometries.Polygon,3523,,1955,DEC,1955,8,None,5051,0.23,0.25602,2548,0,9155.83984015893,5239337.69856239,
Geocortex.Gis.Geometries.Polygon,3524,,1955,DEC,1955,8,None,5052,0.23,0.25602,2548,0,9155.87376183047,5239376.52129438,
Geocortex.Gis.Geometries.Polygon,3525,,1955,DEC,1955,8,None,5053,0.23,0.25602,2548,0,9155.91047922519,5239418.54385412,
Geocortex.Gis.Geometries.Polygon,3526,,1955,DEC,1955,8,None,5054,0.23,0.25602,2548,0,9155.9494576165,5239463.15428332,
Geocortex.Gis.Geometries.Polygon,3527,,1955,DEC,1955,8,None,5055,0.23,0.25602,2548,0,9155.98543403151,5239504.32913518,
Geocortex.Gis.Geometries.Polygon,3528,,1955,DEC,1955,8,None,5056,0.23,0.25602,2548,0,9156.0243844926,5239548.90796056,
Geocortex.Gis.Geometries.Polygon,3529,,1955,DEC,1955,8,None,5057,0.23,0.25602,2548,0,9156.06791506003,5239598.72894659,
Geocortex.Gis.Geometries.Polygon,3530,,1955,DEC,1955,8,None,5058,0.23,0.25602,2548,0,9156.11241559021,5239649.66031145,
Geocortex.Gis.Geometries.Polygon,3531,,1955,DEC,1955,8,None,5059,0.23,0.25602,2548,0,9156.15286066958,5239695.95034951,
Geocortex.Gis.Geometries.Polygon,3532,,1955,DEC,1955,8,None,5060,0.23,0.25602,2548,0,9156.19245778203,5239741.27011407,
Geocortex.Gis.Geometries.Polygon,3533,,1955,DEC,1955,8,None,5061,0.23,0.25602,2548,0,9156.23290236316,5239787.56003344,
Geocortex.Gis.Geometries.Polygon,3534,,1955,DEC,1955,8,None,5062,0.23,0.25602,2548,0,9156.26067677227,5239819.3487164,
Geocortex.Gis.Geometries.Polygon,3535,,1955,DEC,1955,8,None,5063,0.23,0.25602,2548,0,9156.29234924136,5239855.59895836,
Geocortex.Gis.Geometries.Polygon,3536,,1955,DEC,1955,8,None,5064,0.23,0.25602,2548,0,9156.32461317534,5239892.52626308,
Geocortex.Gis.Geometries.Polygon,3537,,1955,DEC,1955,8,None,5065,0.23,0.25602,2548,0,9156.35697809245,5239929.56928235,
Geocortex.Gis.Geometries.Polygon,3538,,1955,DEC,1955,8,None,5066,0.23,0.25602,2548,0,9156.38933242723,5239966.60029362,
Geocortex.Gis.Geometries.Polygon,3539,,1958,MAY,1958,8,None,5107,0.23,0.254,2548,0,9228.39196996355,5322701.14683914,
Geocortex.Gis.Geometries.Polygon,3540,,1958,MAY,1958,8,None,5108,0.23,0.254,2548,0,9228.41651285297,5322729.45831952,
Geocortex.Gis.Geometries.Polygon,3541,,1958,MAY,1958,8,None,5109,0.23,0.254,2548,0,9228.44383968088,5322760.98129165,
Geocortex.Gis.Geometries.Polygon,3542,,1958,MAY,1958,8,None,5110,0.23,0.254,2548,0,9228.47874464685,5322801.24618655,
Geocortex.Gis.Geometries.Polygon,3543,,1958,MAY,1958,8,None,5111,0.23,0.254,2548,0,9228.51140275884,5322838.91933765,
Geocortex.Gis.Geometries.Polygon,3544,,1958,MAY,1958,8,None,5112,0.23,0.254,2548,0,9228.54698168432,5322879.9619796,
Geocortex.Gis.Geometries.Polygon,3545,,1958,MAY,1958,8,None,5113,0.23,0.254,2548,0,9228.57341818897,5322910.45834584,
Geocortex.Gis.Geometries.Polygon,3546,,1958,MAY,1958,8,None,5114,0.23,0.254,2548,0,9228.60585486552,5322947.87643735,
Geocortex.Gis.Geometries.Polygon,3547,,1958,MAY,1958,8,None,5115,0.23,0.254,2548,0,9228.63938231143,5322986.55294397,
Geocortex.Gis.Geometries.Polygon,3548,,1958,MAY,1958,8,None,5116,0.23,0.254,2548,0,9228.67354366115,5323025.96085442,
Geocortex.Gis.Geometries.Polygon,3549,,1958,MAY,1958,8,None,5118,0.23,0.254,2548,0,9228.74380894943,5323107.01807724,
Geocortex.Gis.Geometries.Polygon,3550,,1958,MAY,1958,8,None,5119,0.23,0.254,2548,0,9228.78179057936,5323150.83350234,
Geocortex.Gis.Geometries.Polygon,3551,,1958,MAY,1958,8,None,5120,0.23,0.254,2548,0,9228.8201977861,5323195.14005804,
Geocortex.Gis.Geometries.Polygon,3552,,1958,MAY,1958,8,None,5121,0.23,0.254,2548,0,9228.86245051285,5323243.8830301,
Geocortex.Gis.Geometries.Polygon,3553,,1958,MAY,1958,8,None,5122,0.23,0.254,2548,0,9228.90776095425,5323296.15363804,
Geocortex.Gis.Geometries.Polygon,3554,,1958,MAY,1958,8,None,5124,0.23,0.254,2548,0,9228.99754914167,5323399.73498445,
Geocortex.Gis.Geometries.Polygon,3555,,1958,MAY,1958,8,None,5125,0.23,0.254,2548,0,9229.03677034358,5323444.98165378,
Geocortex.Gis.Geometries.Polygon,3556,,1958,MAY,1958,8,None,5126,0.23,0.254,2548,0,9229.07173601285,5323485.31917582,
Geocortex.Gis.Geometries.Polygon,3557,,1958,MAY,1958,8,None,5127,0.23,0.254,2548,0,9229.10674463833,5323525.70640399,
Geocortex.Gis.Geometries.Polygon,3558,,1958,MAY,1958,8,None,5128,0.23,0.254,2548,0,9229.13806339859,5323561.83698658,
Geocortex.Gis.Geometries.Polygon,4097,,1951,JAN,1951,9,None,5088,0.23,0.305,3058,0,9224.10208370276,5317753.70307372,
Geocortex.Gis.Geometries.Polygon,4098,,1951,JAN,1951,9,None,5089,0.23,0.305,3058,0,9224.10544685962,5317757.58084879,
Geocortex.Gis.Geometries.Polygon,4099,,1951,JAN,1951,9,None,5090,0.23,0.305,3058,0,9224.1027350333,5317754.45409415,
Geocortex.Gis.Geometries.Polygon,4100,,1951,JAN,1951,9,None,5091,0.23,0.305,3058,0,9224.09450806554,5317744.96830582,
Geocortex.Gis.Geometries.Polygon,4101,,1951,JAN,1951,9,None,5092,0.23,0.305,3058,0,9224.08360230163,5317732.39380735,
Geocortex.Gis.Geometries.Polygon,4102,,1951,JAN,1951,9,None,5093,0.23,0.305,3058,0,9224.08798979698,5317737.45265494,
Geocortex.Gis.Geometries.Polygon,4103,,1951,JAN,1951,9,None,5094,0.23,0.305,3058,0,9224.08296086184,5317731.65423428,
Geocortex.Gis.Geometries.Polygon,4104,,1951,JAN,1951,9,None,5095,0.23,0.305,3058,0,9224.08834300621,5317737.8598919,
Geocortex.Gis.Geometries.Polygon,4105,,1951,JAN,1951,9,None,5096,0.23,0.305,3058,0,9224.09227710201,5317742.39593475,
Geocortex.Gis.Geometries.Polygon,4106,,1951,JAN,1951,9,None,5097,0.23,0.305,3058,0,9224.09616849755,5317746.88273846,
Geocortex.Gis.Geometries.Polygon,4107,,1951,JAN,1951,9,None,5098,0.23,0.305,3058,0,9224.09804761469,5317749.0493773,
Geocortex.Gis.Geometries.Polygon,4108,,1951,JAN,1951,9,None,5099,0.23,0.305,3058,0,9224.09672043782,5317747.51912776,
Geocortex.Gis.Geometries.Polygon,4109,,1951,JAN,1951,9,None,5100,0.23,0.305,3058,0,9224.09820031921,5317749.2254639,
Geocortex.Gis.Geometries.Polygon,4110,,1951,JAN,1951,9,None,5101,0.23,0.305,3058,0,9224.09818281704,5317749.20529465,
Geocortex.Gis.Geometries.Polygon,4111,,1951,JAN,1951,9,None,5102,0.23,0.305,3058,0,9224.09841814564,5317749.47663444,
Geocortex.Gis.Geometries.Polygon,4112,,1951,JAN,1951,9,None,5103,0.23,0.305,3058,0,9224.09447561943,5317744.93085726,
Geocortex.Gis.Geometries.Polygon,4113,,1951,JAN,1951,9,None,5104,0.23,0.305,3058,0,9224.09535851011,5317745.94883879,
Geocortex.Gis.Geometries.Polygon,4114,,1951,JAN,1951,9,None,5105,0.23,0.305,3058,0,9224.08943643466,5317739.12061043,
Geocortex.Gis.Geometries.Polygon,4115,,1951,JAN,1951,9,None,5106,0.23,0.305,3058,0,9224.08405709433,5317732.9181645,
Geocortex.Gis.Geometries.Polygon,4116,,1951,JAN,1951,9,None,5107,0.23,0.305,3058,0,9224.07947453697,5317727.63439987,
Geocortex.Gis.Geometries.Polygon,4117,,1951,JAN,1951,9,None,5108,0.23,0.305,3058,0,9224.08317963365,5317731.90641844,
Geocortex.Gis.Geometries.Polygon,4118,,1951,JAN,1951,9,None,5109,0.23,0.305,3058,0,9224.08335198659,5317732.10514799,
Geocortex.Gis.Geometries.Polygon,4119,,1951,JAN,1951,9,None,5110,0.23,0.305,3058,0,9224.08714602542,5317736.47973531,
Geocortex.Gis.Geometries.Polygon,4120,,1951,JAN,1951,9,None,5111,0.23,0.305,3058,0,9224.08350352851,5317732.27990436,
Geocortex.Gis.Geometries.Polygon,4121,,1951,JAN,1951,9,None,5112,0.23,0.305,3058,0,9224.08245945099,5317731.07607452,
Geocortex.Gis.Geometries.Polygon,4122,,1951,JAN,1951,9,None,5113,0.23,0.305,3058,0,9224.07982779268,5317728.04174789,
Geocortex.Gis.Geometries.Polygon,4123,,1951,JAN,1951,9,None,5114,0.23,0.305,3058,0,9224.08289268068,5317731.57559379,
Geocortex.Gis.Geometries.Polygon,4124,,1951,JAN,1951,9,None,5115,0.23,0.305,3058,0,9224.07686610255,5317724.62687961,
Geocortex.Gis.Geometries.Polygon,4125,,1951,JAN,1951,9,None,5116,0.23,0.305,3058,0,9224.07788896104,5317725.80623437,
Geocortex.Gis.Geometries.Polygon,4126,,1951,JAN,1951,9,None,5117,0.23,0.305,3058,0,9224.0760195098,5317723.65073141,
Geocortex.Gis.Geometries.Polygon,4127,,1951,JAN,1951,9,None,5118,0.23,0.305,3058,0,9224.07520718136,5317722.71410199,
Geocortex.Gis.Geometries.Polygon,4128,,1951,JAN,1951,9,None,5119,0.23,0.305,3058,0,9224.07378217229,5317721.07105267,
Geocortex.Gis.Geometries.Polygon,4129,,1955,NOV,1955,9,None,5096,0.23,0.25602,2548,0,9155.60821177037,5239072.60788344,
Geocortex.Gis.Geometries.Polygon,4130,,1955,NOV,1955,9,None,5097,0.23,0.25602,2548,0,9155.64393589036,5239113.49245824,
Geocortex.Gis.Geometries.Polygon,4131,,1955,NOV,1955,9,None,5098,0.23,0.25602,2548,0,9155.67356959572,5239147.4069487,
Geocortex.Gis.Geometries.Polygon,4132,,1955,NOV,1955,9,None,5099,0.23,0.25602,2548,0,9155.7151763045,5239195.02424465,
Geocortex.Gis.Geometries.Polygon,4133,,1955,NOV,1955,9,None,5100,0.23,0.25602,2548,0,9155.75497963486,5239240.57784797,
Geocortex.Gis.Geometries.Polygon,4134,,1955,NOV,1955,9,None,5101,0.23,0.25602,2548,0,9155.79664475194,5239288.26241514,
Geocortex.Gis.Geometries.Polygon,4135,,1955,NOV,1955,9,None,5102,0.23,0.25602,2548,0,9155.83556911719,5239332.81046727,
Geocortex.Gis.Geometries.Polygon,4136,,1955,NOV,1955,9,None,5103,0.23,0.25602,2548,0,9155.87360280773,5239376.33932668,
Geocortex.Gis.Geometries.Polygon,4137,,1955,NOV,1955,9,None,5104,0.23,0.25602,2548,0,9155.91304980252,5239421.48588509,
Geocortex.Gis.Geometries.Polygon,4138,,1955,NOV,1955,9,None,5105,0.23,0.25602,2548,0,9155.95183607996,5239465.87644721,
Geocortex.Gis.Geometries.Polygon,4139,,1955,NOV,1955,9,None,5106,0.23,0.25602,2548,0,9155.9910126509,5239510.71388672,
Geocortex.Gis.Geometries.Polygon,4140,,1955,NOV,1955,9,None,5107,0.23,0.25602,2548,0,9156.02978534087,5239555.08927639,
Geocortex.Gis.Geometries.Polygon,4141,,1955,NOV,1955,9,None,5108,0.23,0.25602,2548,0,9156.07359497391,5239605.22968503,
Geocortex.Gis.Geometries.Polygon,4142,,1955,NOV,1955,9,None,5109,0.23,0.25602,2548,0,9156.12441470178,5239663.39347311,
Geocortex.Gis.Geometries.Polygon,4143,,1955,NOV,1955,9,None,5110,0.23,0.25602,2548,0,9156.16742545142,5239712.6200473,
Geocortex.Gis.Geometries.Polygon,4144,,1955,NOV,1955,9,None,5111,0.23,0.25602,2548,0,9156.20845922842,5239759.58417948,
Geocortex.Gis.Geometries.Polygon,4145,,1955,NOV,1955,9,None,5112,0.23,0.25602,2548,0,9156.25104083321,5239808.32005874,
Geocortex.Gis.Geometries.Polygon,4146,,1955,NOV,1955,9,None,5113,0.23,0.25602,2548,0,9156.2922017438,5239855.43012134,
Geocortex.Gis.Geometries.Polygon,4147,,1955,NOV,1955,9,None,5114,0.23,0.25602,2548,0,9156.32873650487,5239897.24557304,
Geocortex.Gis.Geometries.Polygon,4148,,1955,NOV,1955,9,None,5115,0.23,0.25602,2548,0,9156.36661483478,5239940.59896903,
Geocortex.Gis.Geometries.Polygon,4149,,1958,MAY,1958,9,None,5079,0.23,0.254,2548,0,9229.15363597449,5323579.80216746,
Geocortex.Gis.Geometries.Polygon,4150,,1958,MAY,1958,9,None,5080,0.23,0.254,2548,0,9229.12688719539,5323548.94363152,
Geocortex.Gis.Geometries.Polygon,4151,,1958,MAY,1958,9,None,5081,0.23,0.254,2548,0,9229.09717239477,5323514.66348007,
Geocortex.Gis.Geometries.Polygon,4152,,1958,MAY,1958,9,None,5082,0.23,0.254,2548,0,9229.06419889373,5323476.62408988,
Geocortex.Gis.Geometries.Polygon,4153,,1958,MAY,1958,9,None,5083,0.23,0.254,2548,0,9229.02985833291,5323437.00775099,
Geocortex.Gis.Geometries.Polygon,4154,,1958,MAY,1958,9,None,5084,0.23,0.254,2548,0,9228.99806560969,5323400.33080596,
Geocortex.Gis.Geometries.Polygon,4155,,1958,MAY,1958,9,None,5085,0.23,0.254,2548,0,9228.96801833722,5323365.66758522,
Geocortex.Gis.Geometries.Polygon,4156,,1958,MAY,1958,9,None,5086,0.23,0.254,2548,0,9228.93163868371,5323323.69933906,
Geocortex.Gis.Geometries.Polygon,4157,,1958,MAY,1958,9,None,5087,0.23,0.254,2548,0,9228.89365746438,5323279.8836888,
Geocortex.Gis.Geometries.Polygon,4158,,1958,MAY,1958,9,None,5089,0.23,0.254,2548,0,9228.81971197363,5323194.57965633,
Geocortex.Gis.Geometries.Polygon,4159,,1958,MAY,1958,9,None,5090,0.23,0.254,2548,0,9228.78863860858,5323158.7334154,
Geocortex.Gis.Geometries.Polygon,4160,,1958,MAY,1958,9,None,5091,0.23,0.254,2548,0,9228.75445642543,5323119.30097467,
Geocortex.Gis.Geometries.Polygon,4161,,1958,MAY,1958,9,None,5092,0.23,0.254,2548,0,9228.72685355202,5323087.45850434,
Geocortex.Gis.Geometries.Polygon,4162,,1958,MAY,1958,9,None,5093,0.23,0.254,2548,0,9228.68970860803,5323044.60851748,
Geocortex.Gis.Geometries.Polygon,4163,,1958,MAY,1958,9,None,5094,0.23,0.254,2548,0,9228.65280524962,5323002.03739699,
Geocortex.Gis.Geometries.Polygon,4164,,1958,MAY,1958,9,None,5095,0.23,0.254,2548,0,9228.62979225642,5322975.49006493,
Geocortex.Gis.Geometries.Polygon,4165,,1958,MAY,1958,9,None,5096,0.23,0.254,2548,0,9228.60099003306,5322942.26449024,
Geocortex.Gis.Geometries.Polygon,4166,,1958,MAY,1958,9,None,5097,0.23,0.254,2548,0,9228.57628460839,5322913.7649565,
Geocortex.Gis.Geometries.Polygon,4167,,1958,MAY,1958,9,None,5098,0.23,0.254,2548,0,9228.5504425265,5322883.95429495,
Geocortex.Gis.Geometries.Polygon,4168,,1958,MAY,1958,9,None,5099,0.23,0.254,2548,0,9228.52190808121,5322851.03789064,
Geocortex.Gis.Geometries.Polygon,4169,,1958,MAY,1958,9,None,5100,0.23,0.254,2548,0,9228.49485083987,5322819.82564306,
Geocortex.Gis.Geometries.Polygon,4170,,1958,MAY,1958,9,None,5101,0.23,0.254,2548,0,9228.47178900567,5322793.22242947,
Geocortex.Gis.Geometries.Polygon,4171,,1958,MAY,1958,9,None,5102,0.23,0.254,2548,0,9228.44347526044,5322760.56091687,
Geocortex.Gis.Geometries.Polygon,4172,,1958,MAY,1958,9,None,5103,0.23,0.254,2548,0,9228.41709398263,5322730.12870301,
Geocortex.Gis.Geometries.Polygon,4173,,1958,MAY,1958,9,None,5104,0.23,0.254,2548,0,9228.3957483701,5322705.50545623,
Geocortex.Gis.Geometries.Polygon,4758,,1951,JAN,1951,10,None,5130,0.23,0.305,3058,0,9224.13553001662,5317792.26715003,
Geocortex.Gis.Geometries.Polygon,4759,,1951,JAN,1951,10,None,5133,0.23,0.305,3058,0,9224.14078688049,5317798.32840328,
Geocortex.Gis.Geometries.Polygon,4760,,1951,JAN,1951,10,None,5134,0.23,0.305,3058,0,9224.14279919335,5317800.64863854,
Geocortex.Gis.Geometries.Polygon,4761,,1951,JAN,1951,10,None,5135,0.23,0.305,3058,0,9224.14243789415,5317800.23205011,
Geocortex.Gis.Geometries.Polygon,4762,,1951,JAN,1951,10,None,5136,0.23,0.305,3058,0,9224.13985207644,5317797.25055828,
Geocortex.Gis.Geometries.Polygon,4763,,1951,JAN,1951,10,None,5137,0.23,0.305,3058,0,9224.14504738271,5317803.2408228,
Geocortex.Gis.Geometries.Polygon,4764,,1951,JAN,1951,10,None,5138,0.23,0.305,3058,0,9224.14479278365,5317802.94725496,
Geocortex.Gis.Geometries.Polygon,4765,,1951,JAN,1951,10,None,5139,0.23,0.305,3058,0,9224.14533716154,5317803.57491787,
Geocortex.Gis.Geometries.Polygon,4766,,1951,JAN,1951,10,None,5140,0.23,0.305,3058,0,9224.14646172881,5317804.87155971,
Geocortex.Gis.Geometries.Polygon,4767,,1951,JAN,1951,10,None,5142,0.23,0.305,3058,0,9224.14929936325,5317808.14344389,
Geocortex.Gis.Geometries.Polygon,4768,,1951,JAN,1951,10,None,5143,0.23,0.305,3058,0,9224.15607191665,5317815.95233016,
Geocortex.Gis.Geometries.Polygon,4769,,1951,JAN,1951,10,None,5144,0.23,0.305,3058,0,9224.15554333316,5317815.34287056,
Geocortex.Gis.Geometries.Polygon,4770,,1951,JAN,1951,10,None,5145,0.23,0.305,3058,0,9224.15423863826,5317813.8385256,
Geocortex.Gis.Geometries.Polygon,4771,,1951,JAN,1951,10,None,5146,0.23,0.305,3058,0,9224.1559541992,5317815.81660221,
Geocortex.Gis.Geometries.Polygon,4772,,1951,JAN,1951,10,None,5147,0.23,0.305,3058,0,9224.16455389092,5317825.7322272,
Geocortex.Gis.Geometries.Polygon,4773,,1951,JAN,1951,10,None,5148,0.23,0.305,3058,0,9224.16083610845,5317821.44554279,
Geocortex.Gis.Geometries.Polygon,4774,,1951,JAN,1951,10,None,5149,0.23,0.305,3058,0,9224.1575277089,5317817.63088369,
Geocortex.Gis.Geometries.Polygon,4775,,1951,JAN,1951,10,None,5150,0.23,0.305,3058,0,9224.1542152516,5317813.81157208,
Geocortex.Gis.Geometries.Polygon,4776,,1951,JAN,1951,10,None,5151,0.23,0.305,3058,0,9224.15509273771,5317814.82333489,
Geocortex.Gis.Geometries.Polygon,4777,,1951,JAN,1951,10,None,5152,0.23,0.305,3058,0,9224.14858536117,5317807.32021311,
Geocortex.Gis.Geometries.Polygon,4778,,1951,JAN,1951,10,None,5153,0.23,0.305,3058,0,9224.14353359663,5317801.49543055,
Geocortex.Gis.Geometries.Polygon,4779,,1951,JAN,1951,10,None,5154,0.23,0.305,3058,0,9224.14734788486,5317805.89337801,
Geocortex.Gis.Geometries.Polygon,4780,,1951,JAN,1951,10,None,5155,0.23,0.305,3058,0,9224.14940251953,5317808.26241043,
Geocortex.Gis.Geometries.Polygon,4781,,1951,JAN,1951,10,None,5156,0.23,0.305,3058,0,9224.15224315455,5317811.53772634,
Geocortex.Gis.Geometries.Polygon,4782,,1951,JAN,1951,10,None,5157,0.23,0.305,3058,0,9224.16040231423,5317820.94540625,
Geocortex.Gis.Geometries.Polygon,4783,,1955,NOV,1955,10,None,5118,0.23,0.25602,2548,0,9156.35570525901,5239928.11247974,
Geocortex.Gis.Geometries.Polygon,4784,,1955,NOV,1955,10,None,5119,0.23,0.25602,2548,0,9156.32382445389,5239891.62351252,
Geocortex.Gis.Geometries.Polygon,4785,,1955,NOV,1955,10,None,5120,0.23,0.25602,2548,0,9156.28914673255,5239851.9335143,
Geocortex.Gis.Geometries.Polygon,4786,,1955,NOV,1955,10,None,5121,0.23,0.25602,2548,0,9156.25126671704,5239808.57857234,
Geocortex.Gis.Geometries.Polygon,4787,,1955,NOV,1955,10,None,5122,0.23,0.25602,2548,0,9156.21423841396,5239766.19861492,
Geocortex.Gis.Geometries.Polygon,4788,,1955,NOV,1955,10,None,5123,0.23,0.25602,2548,0,9156.17862568214,5239725.43897584,
Geocortex.Gis.Geometries.Polygon,4789,,1955,NOV,1955,10,None,5124,0.23,0.25602,2548,0,9156.1453485913,5239687.35267322,
Geocortex.Gis.Geometries.Polygon,4790,,1955,NOV,1955,10,None,5125,0.23,0.25602,2548,0,9156.10863323309,5239645.33138054,
Geocortex.Gis.Geometries.Polygon,4791,,1955,NOV,1955,10,None,5126,0.23,0.25602,2548,0,9156.07456637225,5239606.34147101,
Geocortex.Gis.Geometries.Polygon,4792,,1955,NOV,1955,10,None,5127,0.23,0.25602,2548,0,9156.04088198225,5239567.7894498,
Geocortex.Gis.Geometries.Polygon,4793,,1955,NOV,1955,10,None,5128,0.23,0.25602,2548,0,9156.01294895588,5239535.82000933,
Geocortex.Gis.Geometries.Polygon,4794,,1955,NOV,1955,10,None,5129,0.23,0.25602,2548,0,9155.98495387706,5239503.77964993,
Geocortex.Gis.Geometries.Polygon,4795,,1955,NOV,1955,10,None,5130,0.23,0.25602,2548,0,9155.95144612652,5239465.43016593,
Geocortex.Gis.Geometries.Polygon,4796,,1955,NOV,1955,10,None,5131,0.23,0.25602,2548,0,9155.91869048157,5239427.9415989,
Geocortex.Gis.Geometries.Polygon,4797,,1955,NOV,1955,10,None,5132,0.23,0.25602,2548,0,9155.8818739232,5239385.8055028,
Geocortex.Gis.Geometries.Polygon,4798,,1955,NOV,1955,10,None,5133,0.23,0.25602,2548,0,9155.85196434248,5239351.57447287,
Geocortex.Gis.Geometries.Polygon,4799,,1955,NOV,1955,10,None,5134,0.23,0.25602,2548,0,9155.81751160114,5239312.14401126,
Geocortex.Gis.Geometries.Polygon,4800,,1955,NOV,1955,10,None,5135,0.23,0.25602,2548,0,9155.79374514964,5239284.94387525,
Geocortex.Gis.Geometries.Polygon,4801,,1955,NOV,1955,10,None,5136,0.23,0.25602,2548,0,9155.76117002752,5239247.66254619,
Geocortex.Gis.Geometries.Polygon,4802,,1955,NOV,1955,10,None,5137,0.23,0.25602,2548,0,9155.72067086,5239201.31255854,
Geocortex.Gis.Geometries.Polygon,4803,,1955,NOV,1955,10,None,5138,0.23,0.25602,2548,0,9155.68886344682,5239164.91013657,
Geocortex.Gis.Geometries.Polygon,4804,,1955,NOV,1955,10,None,5139,0.23,0.25602,2548,0,9155.65206219751,5239122.79262497,
Geocortex.Gis.Geometries.Polygon,4805,,1955,NOV,1955,10,None,5140,0.23,0.25602,2548,0,9155.62431625755,5239091.03867956,
Geocortex.Gis.Geometries.Polygon,4806,,1955,NOV,1955,10,None,5141,0.23,0.25602,2548,0,9155.59226184473,5239054.35399527,
Geocortex.Gis.Geometries.Polygon,4807,,1958,MAY,1958,10,None,5006,0.23,0.254,2548,0,9229.14552916641,5323570.44978078,
Geocortex.Gis.Geometries.Polygon,4808,,1958,MAY,1958,10,None,5007,0.23,0.254,2548,0,9229.11141294228,5323531.09188264,
Geocortex.Gis.Geometries.Polygon,4809,,1958,MAY,1958,10,None,5008,0.23,0.254,2548,0,9229.07156327828,5323485.11986982,
Geocortex.Gis.Geometries.Polygon,4810,,1958,MAY,1958,10,None,5009,0.23,0.254,2548,0,9229.03461369213,5323442.49367248,
Geocortex.Gis.Geometries.Polygon,4811,,1958,MAY,1958,10,None,5010,0.23,0.254,2548,0,9228.99994612201,5323402.50023187,
Geocortex.Gis.Geometries.Polygon,4812,,1958,MAY,1958,10,None,5011,0.23,0.254,2548,0,9228.96593659046,5323363.26606208,
Geocortex.Gis.Geometries.Polygon,4813,,1958,MAY,1958,10,None,5012,0.23,0.254,2548,0,9228.92801506552,5323319.51910677,
Geocortex.Gis.Geometries.Polygon,4814,,1958,MAY,1958,10,None,5013,0.23,0.254,2548,0,9228.89088867977,5323276.68961107,
Geocortex.Gis.Geometries.Polygon,4815,,1958,MAY,1958,10,None,5014,0.23,0.254,2548,0,9228.85224775364,5323232.11309441,
Geocortex.Gis.Geometries.Polygon,4816,,1958,MAY,1958,10,None,5015,0.23,0.254,2548,0,9228.82088206596,5323195.92949676,
Geocortex.Gis.Geometries.Polygon,4817,,1958,MAY,1958,10,None,5016,0.23,0.254,2548,0,9228.79047889863,5323160.85638665,
Geocortex.Gis.Geometries.Polygon,4818,,1958,MAY,1958,10,None,5017,0.23,0.254,2548,0,9228.75768646909,5323123.02714982,
Geocortex.Gis.Geometries.Polygon,4819,,1958,MAY,1958,10,None,5018,0.23,0.254,2548,0,9228.72345775322,5323083.5411563,
Geocortex.Gis.Geometries.Polygon,4820,,1958,MAY,1958,10,None,5019,0.23,0.254,2548,0,9228.68548766882,5323039.7393101,
Geocortex.Gis.Geometries.Polygon,4821,,1958,MAY,1958,10,None,5020,0.23,0.254,2548,0,9228.65324291439,5323002.5422722,
Geocortex.Gis.Geometries.Polygon,4822,,1958,MAY,1958,10,None,5021,0.23,0.254,2548,0,9228.61450962062,5322957.86033196,
Geocortex.Gis.Geometries.Polygon,4823,,1958,MAY,1958,10,None,5022,0.23,0.254,2548,0,9228.58645438891,5322925.496524,
Geocortex.Gis.Geometries.Polygon,4824,,1958,MAY,1958,10,None,5023,0.23,0.254,2548,0,9228.55047788439,5322883.99505147,
Geocortex.Gis.Geometries.Polygon,4825,,1958,MAY,1958,10,None,5024,0.23,0.254,2548,0,9228.51654633102,5322844.85273818,
Geocortex.Gis.Geometries.Polygon,4826,,1958,MAY,1958,10,None,5025,0.23,0.254,2548,0,9228.48251075451,5322805.59056558,
Geocortex.Gis.Geometries.Polygon,4827,,1958,MAY,1958,10,None,5026,0.23,0.254,2548,0,9228.44963366646,5322767.6649552,
Geocortex.Gis.Geometries.Polygon,4828,,1958,MAY,1958,10,None,5027,0.23,0.254,2548,0,9228.42110109076,5322734.75110541,
Geocortex.Gis.Geometries.Polygon,4829,,1958,MAY,1958,10,None,5028,0.23,0.254,2548,0,9228.39038866061,5322699.32276343,
Geocortex.Gis.Geometries.Polygon,5464,,1951,JAN,1951,11,None,5160,0.23,0.305,3058,0,9224.22696166517,5317897.68986635,
Geocortex.Gis.Geometries.Polygon,5465,,1951,JAN,1951,11,None,5161,0.23,0.305,3058,0,9224.22376766569,5317894.00707294,
Geocortex.Gis.Geometries.Polygon,5466,,1951,JAN,1951,11,None,5162,0.23,0.305,3058,0,9224.22299609753,5317893.11743478,
Geocortex.Gis.Geometries.Polygon,5467,,1951,JAN,1951,11,None,5163,0.23,0.305,3058,0,9224.22123479026,5317891.08662061,
Geocortex.Gis.Geometries.Polygon,5468,,1951,JAN,1951,11,None,5164,0.23,0.305,3058,0,9224.21750233518,5317886.78300452,
Geocortex.Gis.Geometries.Polygon,5469,,1951,JAN,1951,11,None,5165,0.23,0.305,3058,0,9224.21173924491,5317880.13799682,
Geocortex.Gis.Geometries.Polygon,5470,,1951,JAN,1951,11,None,5166,0.23,0.305,3058,0,9224.21052847232,5317878.74194656,
Geocortex.Gis.Geometries.Polygon,5471,,1951,JAN,1951,11,None,5167,0.23,0.305,3058,0,9224.20969089784,5317877.77620048,
Geocortex.Gis.Geometries.Polygon,5472,,1951,JAN,1951,11,None,5168,0.23,0.305,3058,0,9224.21320479914,5317881.82783851,
Geocortex.Gis.Geometries.Polygon,5473,,1951,JAN,1951,11,None,5169,0.23,0.305,3058,0,9224.21987079519,5317889.51394111,
Geocortex.Gis.Geometries.Polygon,5474,,1951,JAN,1951,11,None,5170,0.23,0.305,3058,0,9224.2197784429,5317889.40748009,
Geocortex.Gis.Geometries.Polygon,5475,,1951,JAN,1951,11,None,5171,0.23,0.305,3058,0,9224.21414787055,5317882.91526067,
Geocortex.Gis.Geometries.Polygon,5476,,1951,JAN,1951,11,None,5172,0.23,0.305,3058,0,9224.21600509092,5317885.05669384,
Geocortex.Gis.Geometries.Polygon,5477,,1951,JAN,1951,11,None,5173,0.23,0.305,3058,0,9224.21664202792,5317885.79110482,
Geocortex.Gis.Geometries.Polygon,5478,,1951,JAN,1951,11,None,5174,0.23,0.305,3058,0,9224.21662742612,5317885.7742751,
Geocortex.Gis.Geometries.Polygon,5479,,1951,JAN,1951,11,None,5175,0.23,0.305,3058,0,9224.21539604233,5317884.35445758,
Geocortex.Gis.Geometries.Polygon,5480,,1951,JAN,1951,11,None,5176,0.23,0.305,3058,0,9224.21245470503,5317880.96301843,
Geocortex.Gis.Geometries.Polygon,5481,,1951,JAN,1951,11,None,5177,0.23,0.305,3058,0,9224.21219959591,5317880.66886846,
Geocortex.Gis.Geometries.Polygon,5482,,1951,JAN,1951,11,None,5178,0.23,0.305,3058,0,9224.214205726,5317882.98198324,
Geocortex.Gis.Geometries.Polygon,5483,,1951,JAN,1951,11,None,5180,0.23,0.305,3058,0,9224.20549263522,5317872.93553679,
Geocortex.Gis.Geometries.Polygon,5484,,1951,JAN,1951,11,None,5181,0.23,0.305,3058,0,9224.20503881679,5317872.41226731,
Geocortex.Gis.Geometries.Polygon,5485,,1951,JAN,1951,11,None,5182,0.23,0.305,3058,0,9224.20547561909,5317872.91591178,
Geocortex.Gis.Geometries.Polygon,5486,,1951,JAN,1951,11,None,5183,0.23,0.305,3058,0,9224.20511961601,5317872.50542819,
Geocortex.Gis.Geometries.Polygon,5487,,1951,JAN,1951,11,None,5184,0.23,0.305,3058,0,9224.20307533845,5317870.14832014,
Geocortex.Gis.Geometries.Polygon,5488,,1951,JAN,1951,11,None,5185,0.23,0.305,3058,0,9224.20020170366,5317866.83494449,
Geocortex.Gis.Geometries.Polygon,5489,,1951,JAN,1951,11,None,5186,0.23,0.305,3058,0,9224.19654218209,5317862.61541275,
Geocortex.Gis.Geometries.Polygon,5490,,1951,JAN,1951,11,None,5187,0.23,0.305,3058,0,9224.201672611,5317868.53093128,
Geocortex.Gis.Geometries.Polygon,5491,,1951,JAN,1951,11,None,5188,0.23,0.305,3058,0,9224.19954129539,5317866.07347437,
Geocortex.Gis.Geometries.Polygon,5492,,1951,JAN,1951,11,None,5189,0.23,0.305,3058,0,9224.19713392663,5317863.29772464,
Geocortex.Gis.Geometries.Polygon,5493,,1951,JAN,1951,11,None,5190,0.23,0.305,3058,0,9224.19167553233,5317857.00404514,
Geocortex.Gis.Geometries.Polygon,5494,,1951,JAN,1951,11,None,5191,0.23,0.305,3058,0,9224.1909980046,5317856.22284967,
Geocortex.Gis.Geometries.Polygon,5495,,1951,JAN,1951,11,None,5192,0.23,0.305,3058,0,9224.18744878123,5317852.13050393,
Geocortex.Gis.Geometries.Polygon,5496,,1951,JAN,1951,11,None,5193,0.23,0.305,3058,0,9224.1857576153,5317850.18055871,
Geocortex.Gis.Geometries.Polygon,5497,,1951,JAN,1951,11,None,5194,0.23,0.305,3058,0,9224.18146105852,5317845.22652186,
Geocortex.Gis.Geometries.Polygon,6169,,1955,NOV,1955,3,A,5001,0.23,0.25602,2548,0,9156.37385206934,5239948.88230216,
Geocortex.Gis.Geometries.Polygon,6170,,1955,NOV,1955,3,A,5002,0.23,0.25602,2548,0,9156.33291603698,5239902.02921186,
Geocortex.Gis.Geometries.Polygon,6171,,1955,NOV,1955,3,A,5003,0.23,0.25602,2548,0,9156.29320937085,5239856.58338249,
Geocortex.Gis.Geometries.Polygon,6172,,1955,NOV,1955,3,A,5004,0.23,0.25602,2548,0,9156.25677924654,5239814.88787259,
Geocortex.Gis.Geometries.Polygon,6173,,1955,NOV,1955,3,A,5005,0.23,0.25602,2548,0,9156.22196075856,5239775.0370729,
Geocortex.Gis.Geometries.Polygon,6174,,1955,NOV,1955,3,A,5006,0.23,0.25602,2548,0,9156.18628910079,5239734.20993204,
Geocortex.Gis.Geometries.Polygon,6175,,1955,NOV,1955,3,A,5007,0.23,0.25602,2548,0,9156.15448005532,5239697.80378684,
Geocortex.Gis.Geometries.Polygon,6176,,1955,NOV,1955,3,A,5008,0.23,0.25602,2548,0,9156.11999741649,5239658.3378183,
Geocortex.Gis.Geometries.Polygon,6177,,1955,NOV,1955,3,A,5009,0.23,0.25602,2548,0,9156.08285892511,5239615.83234981,
Geocortex.Gis.Geometries.Polygon,6178,,1955,NOV,1955,3,A,5010,0.23,0.25602,2548,0,9156.08285892511,5239615.83234981,
