geometry,OBJECTID,Shape,CAPTURE,ACQ_MONTH,ACQ_YEAR,RUN,RUN_ALPHA,PHOTO,F_PLANE,F,HAGL,SCALE,Shape_Length,Shape_Area,MISSING
Geocortex.Gis.Geometries.Polygon,343,,1997,MAR,1997,1,None,39,0.23,0.1532,1600,0,9607.56228918437,5769078.32119957,
Geocortex.Gis.Geometries.Polygon,344,,1997,MAR,1997,1,None,40,0.23,0.1532,1600,0,9607.61206607205,5769138.10067022,
Geocortex.Gis.Geometries.Polygon,345,,1997,MAR,1997,1,None,41,0.23,0.1532,1600,0,9607.6646724979,5769201.27860615,
Geocortex.Gis.Geometries.Polygon,346,,1997,MAR,1997,1,None,42,0.23,0.1532,1600,0,9607.72448083683,5769273.10613629,
Geocortex.Gis.Geometries.Polygon,347,,1997,MAR,1997,1,None,43,0.23,0.1532,1600,0,9607.78311881749,5769343.52853882,
Geocortex.Gis.Geometries.Polygon,348,,1997,MAR,1997,1,None,44,0.23,0.1532,1600,0,9607.83569847343,5769406.67540539,
Geocortex.Gis.Geometries.Polygon,349,,1997,MAR,1997,1,None,45,0.23,0.1532,1600,0,9607.88819796316,5769469.72630809,
Geocortex.Gis.Geometries.Polygon,350,,1997,MAR,1997,1,None,46,0.23,0.1532,1600,0,9607.93996834557,5769531.90206661,
Geocortex.Gis.Geometries.Polygon,351,,1997,MAR,1997,1,None,47,0.23,0.1532,1600,0,9607.99039540463,5769592.46478994,
Geocortex.Gis.Geometries.Polygon,352,,1997,MAR,1997,1,None,48,0.23,0.1532,1600,0,9608.03797522402,5769649.60825918,
Geocortex.Gis.Geometries.Polygon,353,,1997,MAR,1997,1,None,49,0.23,0.1532,1600,0,9608.08307530703,5769703.77379135,
Geocortex.Gis.Geometries.Polygon,354,,1997,MAR,1997,1,None,50,0.23,0.1532,1600,0,9608.12342606884,5769752.23555694,
Geocortex.Gis.Geometries.Polygon,355,,1997,MAR,1997,1,None,51,0.23,0.1532,1600,0,9608.16746527797,5769805.12743271,
Geocortex.Gis.Geometries.Polygon,356,,1997,MAR,1997,1,None,52,0.23,0.1532,1600,0,9608.21096944977,5769857.37694952,
Geocortex.Gis.Geometries.Polygon,357,,1997,MAR,1997,1,None,53,0.23,0.1532,1600,0,9608.25185598638,5769906.48282316,
Geocortex.Gis.Geometries.Polygon,358,,1997,MAR,1997,1,None,54,0.23,0.1532,1600,0,9608.29309901158,5769956.01709885,
Geocortex.Gis.Geometries.Polygon,359,,1997,MAR,1997,1,None,55,0.23,0.1532,1600,0,9608.33667167527,5770008.34957975,
Geocortex.Gis.Geometries.Polygon,360,,1997,MAR,1997,1,None,56,0.23,0.1532,1600,0,9608.37975110366,5770060.08989383,
Geocortex.Gis.Geometries.Polygon,361,,1997,MAR,1997,1,None,57,0.23,0.1532,1600,0,9608.42477716865,5770114.16845758,
Geocortex.Gis.Geometries.Polygon,362,,1997,MAR,1997,1,None,58,0.23,0.1532,1600,0,9608.4700126667,5770168.4988126,
Geocortex.Gis.Geometries.Polygon,363,,1997,MAR,1997,1,None,59,0.23,0.1532,1600,0,9608.5165001728,5770224.33317223,
Geocortex.Gis.Geometries.Polygon,364,,1997,MAR,1997,1,None,60,0.23,0.1532,1600,0,9608.55454545816,5770270.02811147,
Geocortex.Gis.Geometries.Polygon,365,,1997,MAR,1997,1,None,61,0.23,0.1532,1600,0,9608.59659939063,5770320.53791295,
Geocortex.Gis.Geometries.Polygon,366,,1997,MAR,1997,1,None,62,0.23,0.1532,1600,0,9608.64055643072,5770373.33370506,
Geocortex.Gis.Geometries.Polygon,367,,1997,MAR,1997,1,None,63,0.23,0.1532,1600,0,9608.68327579497,5770424.64318178,
Geocortex.Gis.Geometries.Polygon,368,,1997,MAR,1997,1,None,64,0.23,0.1532,1600,0,9608.73001640558,5770480.78276446,
Geocortex.Gis.Geometries.Polygon,369,,1997,MAR,1997,1,None,41,0.23,0.1532,1600,0,9607.91377522628,5769500.44440893,
Geocortex.Gis.Geometries.Polygon,370,,1997,MAR,1997,1,None,42,0.23,0.1532,1600,0,9608.04308498019,5769655.74505168,
Geocortex.Gis.Geometries.Polygon,371,,1997,MAR,1997,1,None,43,0.23,0.1532,1600,0,9608.07573244356,5769694.95491644,
Geocortex.Gis.Geometries.Polygon,372,,1997,MAR,1997,1,None,44,0.23,0.1532,1600,0,9608.16530585117,5769802.5339239,
Geocortex.Gis.Geometries.Polygon,373,,1997,MAR,1997,1,None,45,0.23,0.1532,1600,0,9607.70297668306,5769247.28041104,
Geocortex.Gis.Geometries.Polygon,374,,1997,MAR,1997,1,None,46,0.23,0.1532,1600,0,9607.66459569315,5769201.18634712,
Geocortex.Gis.Geometries.Polygon,375,,1997,MAR,1997,1,None,47,0.23,0.1532,1600,0,9607.65680634336,5769191.83166819,
Geocortex.Gis.Geometries.Polygon,376,,1997,MAR,1997,1,None,48,0.23,0.1532,1600,0,9607.65680634336,5769191.83166819,
Geocortex.Gis.Geometries.Polygon,750,,1997,MAR,1997,2,None,65,0.23,0.1532,1600,0,9608.68675403869,5770428.82094588,
Geocortex.Gis.Geometries.Polygon,751,,1997,MAR,1997,2,None,66,0.23,0.1532,1600,0,9608.65311695185,5770388.4199996,
Geocortex.Gis.Geometries.Polygon,752,,1997,MAR,1997,2,None,67,0.23,0.1532,1600,0,9608.61482528734,5770342.42868605,
Geocortex.Gis.Geometries.Polygon,753,,1997,MAR,1997,2,None,68,0.23,0.1532,1600,0,9608.57385941034,5770293.22559014,
Geocortex.Gis.Geometries.Polygon,754,,1997,MAR,1997,2,None,69,0.23,0.1532,1600,0,9608.53738014268,5770249.4114319,
Geocortex.Gis.Geometries.Polygon,755,,1997,MAR,1997,2,None,70,0.23,0.1532,1600,0,9608.4982680838,5770202.43529055,
Geocortex.Gis.Geometries.Polygon,756,,1997,MAR,1997,2,None,71,0.23,0.1532,1600,0,9608.4533302468,5770148.46229728,
Geocortex.Gis.Geometries.Polygon,757,,1997,MAR,1997,2,None,72,0.23,0.1532,1600,0,9608.40938831709,5770095.68568189,
Geocortex.Gis.Geometries.Polygon,758,,1997,MAR,1997,2,None,73,0.23,0.1532,1600,0,9608.36404419612,5770041.2252035,
Geocortex.Gis.Geometries.Polygon,759,,1997,MAR,1997,2,None,74,0.23,0.1532,1600,0,9608.32365886173,5769992.72069855,
Geocortex.Gis.Geometries.Polygon,760,,1997,MAR,1997,2,None,75,0.23,0.1532,1600,0,9608.28422740652,5769945.36203341,
Geocortex.Gis.Geometries.Polygon,761,,1997,MAR,1997,2,None,76,0.23,0.1532,1600,0,9608.244049294,5769897.10680775,
Geocortex.Gis.Geometries.Polygon,762,,1997,MAR,1997,2,None,77,0.23,0.1532,1600,0,9608.20363162982,5769848.56407921,
Geocortex.Gis.Geometries.Polygon,763,,1997,MAR,1997,2,None,78,0.23,0.1532,1600,0,9608.16609422575,5769803.48080036,
Geocortex.Gis.Geometries.Polygon,764,,1997,MAR,1997,2,None,79,0.23,0.1532,1600,0,9608.12577489693,5769755.05654067,
Geocortex.Gis.Geometries.Polygon,765,,1997,MAR,1997,2,None,80,0.23,0.1532,1600,0,9608.08880719412,5769710.65784118,
Geocortex.Gis.Geometries.Polygon,766,,1997,MAR,1997,2,None,81,0.23,0.1532,1600,0,9608.0493533069,5769663.27338567,
Geocortex.Gis.Geometries.Polygon,767,,1997,MAR,1997,2,None,82,0.23,0.1532,1600,0,9608.00899632339,5769614.80452406,
Geocortex.Gis.Geometries.Polygon,768,,1997,MAR,1997,2,None,83,0.23,0.1532,1600,0,9607.95458504054,5769549.45666983,
Geocortex.Gis.Geometries.Polygon,769,,1997,MAR,1997,2,None,84,0.23,0.1532,1600,0,9607.90072479945,5769484.77094533,
Geocortex.Gis.Geometries.Polygon,770,,1997,MAR,1997,2,None,85,0.23,0.1532,1600,0,9607.85963404457,5769435.4215716,
Geocortex.Gis.Geometries.Polygon,771,,1997,MAR,1997,2,None,86,0.23,0.1532,1600,0,9607.82088912601,5769388.88973301,
Geocortex.Gis.Geometries.Polygon,772,,1997,MAR,1997,2,None,87,0.23,0.1532,1600,0,9607.78277625424,5769343.11712487,
Geocortex.Gis.Geometries.Polygon,773,,1997,MAR,1997,2,None,88,0.23,0.1532,1600,0,9607.73719709292,5769288.37792699,
Geocortex.Gis.Geometries.Polygon,774,,1997,MAR,1997,2,None,89,0.23,0.1532,1600,0,9607.69170123666,5769233.73903819,
Geocortex.Gis.Geometries.Polygon,775,,1997,MAR,1997,2,None,90,0.23,0.1532,1600,0,9607.64737062158,5769180.49980274,
Geocortex.Gis.Geometries.Polygon,776,,1997,MAR,1997,2,None,91,0.23,0.1532,1600,0,9607.61040030331,5769136.1001658,
Geocortex.Gis.Geometries.Polygon,777,,1997,MAR,1997,2,None,92,0.23,0.1532,1600,0,9607.57449012082,5769092.97386667,
Geocortex.Gis.Geometries.Polygon,1183,,1997,MAR,1997,3,None,93,0.23,0.1532,1600,0,9607.50546835547,5769010.08268395,
Geocortex.Gis.Geometries.Polygon,1184,,1997,MAR,1997,3,None,94,0.23,0.1532,1600,0,9607.54147672027,5769053.32659085,
Geocortex.Gis.Geometries.Polygon,1185,,1997,MAR,1997,3,None,95,0.23,0.1532,1600,0,9607.58380087219,5769104.15558419,
Geocortex.Gis.Geometries.Polygon,1186,,1997,MAR,1997,3,None,96,0.23,0.1532,1600,0,9607.62804943993,5769157.29592996,
Geocortex.Gis.Geometries.Polygon,1187,,1997,MAR,1997,3,None,97,0.23,0.1532,1600,0,9607.67355416701,5769211.94511016,
Geocortex.Gis.Geometries.Polygon,1188,,1997,MAR,1997,3,None,98,0.23,0.1532,1600,0,9607.71716837896,5769264.32411406,
Geocortex.Gis.Geometries.Polygon,1189,,1997,MAR,1997,3,None,99,0.23,0.1532,1600,0,9607.76244211104,5769318.69636165,
Geocortex.Gis.Geometries.Polygon,1190,,1997,MAR,1997,3,None,100,0.23,0.1532,1600,0,9607.79910700415,5769362.72991629,
Geocortex.Gis.Geometries.Polygon,1191,,1997,MAR,1997,3,None,101,0.23,0.1532,1600,0,9607.83694420855,5769408.17152068,
Geocortex.Gis.Geometries.Polygon,1192,,1997,MAR,1997,3,None,102,0.23,0.1532,1600,0,9607.87663352342,5769455.83764459,
Geocortex.Gis.Geometries.Polygon,1193,,1997,MAR,1997,3,None,103,0.23,0.1532,1600,0,9607.93939145337,5769531.20926829,
Geocortex.Gis.Geometries.Polygon,1194,,1997,MAR,1997,3,None,104,0.23,0.1532,1600,0,9608.00156318813,5769605.87728533,
Geocortex.Gis.Geometries.Polygon,1195,,1997,MAR,1997,3,None,105,0.23,0.1532,1600,0,9608.05012245218,5769664.19709871,
Geocortex.Gis.Geometries.Polygon,1196,,1997,MAR,1997,3,None,107,0.23,0.1532,1600,0,9608.11958238591,5769747.61922057,
Geocortex.Gis.Geometries.Polygon,1197,,1997,MAR,1997,3,None,108,0.23,0.1532,1600,0,9608.15959133711,5769795.67068822,
Geocortex.Gis.Geometries.Polygon,1198,,1997,MAR,1997,3,None,109,0.23,0.1532,1600,0,9608.19858707249,5769842.50545235,
Geocortex.Gis.Geometries.Polygon,1199,,1997,MAR,1997,3,None,110,0.23,0.1532,1600,0,9608.23692022202,5769888.54458541,
Geocortex.Gis.Geometries.Polygon,1200,,1997,MAR,1997,3,None,111,0.23,0.1532,1600,0,9608.28456242623,5769945.76442012,
Geocortex.Gis.Geometries.Polygon,1201,,1997,MAR,1997,3,None,112,0.23,0.1532,1600,0,9608.33662879365,5770008.29812885,
Geocortex.Gis.Geometries.Polygon,1202,,1997,MAR,1997,3,None,113,0.23,0.1532,1600,0,9608.3877255231,5770069.66760476,
Geocortex.Gis.Geometries.Polygon,1203,,1997,MAR,1997,3,None,114,0.23,0.1532,1600,0,9608.43886637496,5770131.09039816,
Geocortex.Gis.Geometries.Polygon,1204,,1997,MAR,1997,3,None,115,0.23,0.1532,1600,0,9608.49226600084,5770195.2264339,
Geocortex.Gis.Geometries.Polygon,1205,,1997,MAR,1997,3,None,116,0.23,0.1532,1600,0,9608.53350225686,5770244.7538416,
Geocortex.Gis.Geometries.Polygon,1206,,1997,MAR,1997,3,None,117,0.23,0.1532,1600,0,9608.57827132849,5770298.5246513,
Geocortex.Gis.Geometries.Polygon,1207,,1997,MAR,1997,3,None,118,0.23,0.1532,1600,0,9608.61993156684,5770348.56173752,
Geocortex.Gis.Geometries.Polygon,1208,,1997,MAR,1997,3,None,119,0.23,0.1532,1600,0,9608.66178086301,5770398.82607462,
Geocortex.Gis.Geometries.Polygon,1209,,1997,MAR,1997,3,None,120,0.23,0.1532,1600,0,9608.69954406209,5770444.1828597,
Geocortex.Gis.Geometries.Polygon,1676,,1997,MAR,1997,4,None,122,0.23,0.1532,1600,0,9608.65019698698,5770384.91286257,
Geocortex.Gis.Geometries.Polygon,1677,,1997,MAR,1997,4,None,123,0.23,0.1532,1600,0,9608.61113163853,5770337.99231233,
Geocortex.Gis.Geometries.Polygon,1678,,1997,MAR,1997,4,None,124,0.23,0.1532,1600,0,9608.56791368731,5770286.08435498,
Geocortex.Gis.Geometries.Polygon,1679,,1997,MAR,1997,4,None,125,0.23,0.1532,1600,0,9608.52125155664,5770230.03994532,
Geocortex.Gis.Geometries.Polygon,1680,,1997,MAR,1997,4,None,126,0.23,0.1532,1600,0,9608.47679299006,5770176.64243971,
Geocortex.Gis.Geometries.Polygon,1681,,1997,MAR,1997,4,None,127,0.23,0.1532,1600,0,9608.42552407874,5770115.0656235,
Geocortex.Gis.Geometries.Polygon,1682,,1997,MAR,1997,4,None,128,0.23,0.1532,1600,0,9608.37680594359,5770056.55269813,
Geocortex.Gis.Geometries.Polygon,1683,,1997,MAR,1997,4,None,129,0.23,0.1532,1600,0,9608.32444100303,5769993.66010877,
Geocortex.Gis.Geometries.Polygon,1684,,1997,MAR,1997,4,None,130,0.23,0.1532,1600,0,9608.27054236876,5769928.92581709,
Geocortex.Gis.Geometries.Polygon,1685,,1997,MAR,1997,4,None,131,0.23,0.1532,1600,0,9608.21935627543,5769867.44974099,
Geocortex.Gis.Geometries.Polygon,1686,,1997,MAR,1997,4,None,132,0.23,0.1532,1600,0,9608.17941439374,5769819.47860104,
Geocortex.Gis.Geometries.Polygon,1687,,1997,MAR,1997,4,None,133,0.23,0.1532,1600,0,9608.14302648474,5769775.77599309,
Geocortex.Gis.Geometries.Polygon,1688,,1997,MAR,1997,4,None,134,0.23,0.1532,1600,0,9608.1008970701,5769725.17791322,
Geocortex.Gis.Geometries.Polygon,1689,,1997,MAR,1997,4,None,135,0.23,0.1532,1600,0,9608.06422898738,5769681.13914606,
Geocortex.Gis.Geometries.Polygon,1690,,1997,MAR,1997,4,None,136,0.23,0.1532,1600,0,9608.02369257463,5769632.45467506,
Geocortex.Gis.Geometries.Polygon,1691,,1997,MAR,1997,4,None,137,0.23,0.1532,1600,0,9607.95382834303,5769548.54787347,
Geocortex.Gis.Geometries.Polygon,1692,,1997,MAR,1997,4,None,138,0.23,0.1532,1600,0,9607.88780819545,5769469.25831987,
Geocortex.Gis.Geometries.Polygon,1693,,1997,MAR,1997,4,None,139,0.23,0.1532,1600,0,9607.84227406672,5769414.57260131,
Geocortex.Gis.Geometries.Polygon,1694,,1997,MAR,1997,4,None,140,0.23,0.1532,1600,0,9607.80444189405,5769369.1370052,
Geocortex.Gis.Geometries.Polygon,1695,,1997,MAR,1997,4,None,141,0.23,0.1532,1600,0,9607.77021452344,5769328.03083441,
Geocortex.Gis.Geometries.Polygon,1696,,1997,MAR,1997,4,None,142,0.23,0.1532,1600,0,9607.72646686162,5769275.4912832,
Geocortex.Gis.Geometries.Polygon,1697,,1997,MAR,1997,4,None,143,0.23,0.1532,1600,0,9607.68585008639,5769226.71203221,
Geocortex.Gis.Geometries.Polygon,1698,,1997,MAR,1997,4,None,144,0.23,0.1532,1600,0,9607.64967421868,5769183.26631992,
Geocortex.Gis.Geometries.Polygon,1699,,1997,MAR,1997,4,None,145,0.23,0.1532,1600,0,9607.61275016857,5769138.92223815,
Geocortex.Gis.Geometries.Polygon,1700,,1997,MAR,1997,4,None,146,0.23,0.1532,1600,0,9607.5740866405,5769092.48930271,
Geocortex.Gis.Geometries.Polygon,1701,,1997,MAR,1997,4,None,147,0.23,0.1532,1600,0,9607.53576233426,5769046.46393719,
Geocortex.Gis.Geometries.Polygon,1702,,1997,MAR,1997,4,None,148,0.23,0.1532,1600,0,9607.50431261804,5769008.69467126,
Geocortex.Gis.Geometries.Polygon,1703,,1997,MAR,1997,4,None,149,0.23,0.1532,1600,0,9607.47900858913,5768978.30609132,
Geocortex.Gis.Geometries.Polygon,2244,,1997,MAR,1997,5,None,150,0.23,0.1532,1600,0,9607.30695597531,5768771.68400229,
Geocortex.Gis.Geometries.Polygon,2245,,1997,MAR,1997,5,None,151,0.23,0.1532,1600,0,9607.35697069369,5768831.74741129,
Geocortex.Gis.Geometries.Polygon,2246,,1997,MAR,1997,5,None,152,0.23,0.1532,1600,0,9607.40773925859,5768892.71647163,
Geocortex.Gis.Geometries.Polygon,2247,,1997,MAR,1997,5,None,153,0.23,0.1532,1600,0,9607.45257286983,5768946.55842684,
Geocortex.Gis.Geometries.Polygon,2248,,1997,MAR,1997,5,None,154,0.23,0.1532,1600,0,9607.4902524071,5768991.80916968,
Geocortex.Gis.Geometries.Polygon,2249,,1997,MAR,1997,5,None,155,0.23,0.1532,1600,0,9607.53059298445,5769040.25581,
Geocortex.Gis.Geometries.Polygon,2250,,1997,MAR,1997,5,None,156,0.23,0.1532,1600,0,9607.5675275096,5769084.6121216,
Geocortex.Gis.Geometries.Polygon,2251,,1997,MAR,1997,5,None,157,0.23,0.1532,1600,0,9607.60907224335,5769134.50522362,
Geocortex.Gis.Geometries.Polygon,2252,,1997,MAR,1997,5,None,158,0.23,0.1532,1600,0,9607.6487825059,5769182.19541146,
Geocortex.Gis.Geometries.Polygon,2253,,1997,MAR,1997,5,None,159,0.23,0.1532,1600,0,9607.68584326429,5769226.70384102,
Geocortex.Gis.Geometries.Polygon,2254,,1997,MAR,1997,5,None,160,0.23,0.1532,1600,0,9607.72205336097,5769270.19083387,
Geocortex.Gis.Geometries.Polygon,2255,,1997,MAR,1997,5,None,161,0.23,0.1532,1600,0,9607.75909035354,5769314.67106079,
Geocortex.Gis.Geometries.Polygon,2256,,1997,MAR,1997,5,None,162,0.23,0.1532,1600,0,9607.79422662286,5769356.86873648,
Geocortex.Gis.Geometries.Polygon,2257,,1997,MAR,1997,5,None,163,0.23,0.1532,1600,0,9607.82722357096,5769396.49727767,
Geocortex.Gis.Geometries.Polygon,2258,,1997,MAR,1997,5,None,164,0.23,0.1532,1600,0,9607.85712188979,5769432.40455801,
Geocortex.Gis.Geometries.Polygon,2259,,1997,MAR,1997,5,None,165,0.23,0.1532,1600,0,9607.90248875678,5769486.88947052,
Geocortex.Gis.Geometries.Polygon,2260,,1997,MAR,1997,5,None,166,0.23,0.1532,1600,0,9607.95897902039,5769554.73378354,
Geocortex.Gis.Geometries.Polygon,2261,,1997,MAR,1997,5,None,167,0.23,0.1532,1600,0,9608.01440451329,5769621.29964318,
Geocortex.Gis.Geometries.Polygon,2262,,1997,MAR,1997,5,None,168,0.23,0.1532,1600,0,9608.05224849144,5769666.75046214,
Geocortex.Gis.Geometries.Polygon,2263,,1997,MAR,1997,5,None,169,0.23,0.1532,1600,0,9608.08525161233,5769706.38753068,
Geocortex.Gis.Geometries.Polygon,2264,,1997,MAR,1997,5,None,170,0.23,0.1532,1600,0,9608.11871077429,5769746.57243146,
Geocortex.Gis.Geometries.Polygon,2265,,1997,MAR,1997,5,None,172,0.23,0.1532,1600,0,9608.18579952195,5769827.14725087,
Geocortex.Gis.Geometries.Polygon,2266,,1997,MAR,1997,5,None,173,0.23,0.1532,1600,0,9608.21704532555,5769864.67416111,
Geocortex.Gis.Geometries.Polygon,2267,,1997,MAR,1997,5,None,174,0.23,0.1532,1600,0,9608.26229820233,5769919.02426716,
Geocortex.Gis.Geometries.Polygon,2268,,1997,MAR,1997,5,None,175,0.23,0.1532,1600,0,9608.31288668115,5769979.78291013,
Geocortex.Gis.Geometries.Polygon,2269,,1997,MAR,1997,5,None,176,0.23,0.1532,1600,0,9608.3646118499,5770041.90703626,
Geocortex.Gis.Geometries.Polygon,2270,,1997,MAR,1997,5,None,177,0.23,0.1532,1600,0,9608.40846574165,5770094.57769151,
Geocortex.Gis.Geometries.Polygon,2271,,1997,MAR,1997,5,None,178,0.23,0.1532,1600,0,9608.44998993041,5770144.45045326,
Geocortex.Gis.Geometries.Polygon,2272,,1997,MAR,1997,5,None,179,0.23,0.1532,1600,0,9608.48872286016,5770190.97093339,
Geocortex.Gis.Geometries.Polygon,2273,,1997,MAR,1997,5,None,180,0.23,0.1532,1600,0,9608.53166296612,5770242.54473243,
Geocortex.Gis.Geometries.Polygon,2274,,1997,MAR,1997,5,None,181,0.23,0.1532,1600,0,9608.58265586358,5770303.79074666,
Geocortex.Gis.Geometries.Polygon,2275,,1997,MAR,1997,5,None,182,0.23,0.1532,1600,0,9608.62796683374,5770358.21264946,
Geocortex.Gis.Geometries.Polygon,2276,,1997,MAR,1997,5,None,183,0.23,0.1532,1600,0,9608.66483930238,5770402.4994612,
Geocortex.Gis.Geometries.Polygon,2277,,1997,MAR,1997,5,None,184,0.23,0.1532,1600,0,9608.70119177181,5770446.16193108,
Geocortex.Gis.Geometries.Polygon,2809,,1997,MAR,1997,6,None,185,0.23,0.1532,1600,0,9608.38968762234,5770072.02423859,
Geocortex.Gis.Geometries.Polygon,2810,,1997,MAR,1997,6,None,186,0.23,0.1532,1600,0,9608.35143266365,5770026.07825605,
Geocortex.Gis.Geometries.Polygon,2811,,1997,MAR,1997,6,None,187,0.23,0.1532,1600,0,9608.30459460209,5769969.82378685,
Geocortex.Gis.Geometries.Polygon,2812,,1997,MAR,1997,6,None,188,0.23,0.1532,1600,0,9608.25755649652,5769913.32932231,
Geocortex.Gis.Geometries.Polygon,2813,,1997,MAR,1997,6,None,189,0.23,0.1532,1600,0,9608.21273509235,5769859.49742082,
Geocortex.Gis.Geometries.Polygon,2814,,1997,MAR,1997,6,None,190,0.23,0.1532,1600,0,9608.1836213296,5769824.5311511,
Geocortex.Gis.Geometries.Polygon,2815,,1997,MAR,1997,6,None,191,0.23,0.1532,1600,0,9608.15489079591,5769790.02522769,
Geocortex.Gis.Geometries.Polygon,2816,,1997,MAR,1997,6,None,192,0.23,0.1532,1600,0,9608.12294837711,5769751.66184984,
Geocortex.Gis.Geometries.Polygon,2817,,1997,MAR,1997,6,None,193,0.23,0.1532,1600,0,9608.08690896046,5769708.37803357,
Geocortex.Gis.Geometries.Polygon,2818,,1997,MAR,1997,6,None,194,0.23,0.1532,1600,0,9608.04879855384,5769662.60709748,
Geocortex.Gis.Geometries.Polygon,2819,,1997,MAR,1997,6,None,195,0.23,0.1532,1600,0,9608.00948717034,5769615.39395838,
Geocortex.Gis.Geometries.Polygon,2820,,1997,MAR,1997,6,None,196,0.23,0.1532,1600,0,9607.96145070162,5769557.70227871,
Geocortex.Gis.Geometries.Polygon,2821,,1997,MAR,1997,6,None,197,0.23,0.1532,1600,0,9607.91372530099,5769500.38446958,
Geocortex.Gis.Geometries.Polygon,2822,,1997,MAR,1997,6,None,198,0.23,0.1532,1600,0,9607.86689414479,5769444.1409022,
Geocortex.Gis.Geometries.Polygon,2823,,1997,MAR,1997,6,None,199,0.23,0.1532,1600,0,9607.83203098267,5769402.2708994,
Geocortex.Gis.Geometries.Polygon,2824,,1997,MAR,1997,6,None,200,0.23,0.1532,1600,0,9607.79524506857,5769358.09186803,
Geocortex.Gis.Geometries.Polygon,2825,,1997,MAR,1997,6,None,201,0.23,0.1532,1600,0,9607.75765622914,5769312.94871777,
Geocortex.Gis.Geometries.Polygon,2826,,1997,MAR,1997,6,None,202,0.23,0.1532,1600,0,9607.71936096371,5769266.9573495,
Geocortex.Gis.Geometries.Polygon,2827,,1997,MAR,1997,6,None,203,0.23,0.1532,1600,0,9607.68291165608,5769223.18308526,
Geocortex.Gis.Geometries.Polygon,2828,,1997,MAR,1997,6,None,204,0.23,0.1532,1600,0,9607.64073621367,5769172.53216129,
Geocortex.Gis.Geometries.Polygon,2829,,1997,MAR,1997,6,None,205,0.23,0.1532,1600,0,9607.60311685625,5769127.35309024,
Geocortex.Gis.Geometries.Polygon,2830,,1997,MAR,1997,6,None,206,0.23,0.1532,1600,0,9607.56549025663,5769082.16549775,
Geocortex.Gis.Geometries.Polygon,2831,,1997,MAR,1997,6,None,207,0.23,0.1532,1600,0,9607.5270561152,5769036.0082676,
Geocortex.Gis.Geometries.Polygon,2832,,1997,MAR,1997,6,None,208,0.23,0.1532,1600,0,9607.48447877317,5768984.87548084,
Geocortex.Gis.Geometries.Polygon,2833,,1997,MAR,1997,6,None,209,0.23,0.1532,1600,0,9607.44113784235,5768932.82589726,
Geocortex.Gis.Geometries.Polygon,2834,,1997,MAR,1997,6,None,210,0.23,0.1532,1600,0,9607.40062714405,5768884.17547372,
Geocortex.Gis.Geometries.Polygon,2835,,1997,MAR,1997,6,None,211,0.23,0.1532,1600,0,9607.35441638688,5768828.67997469,
Geocortex.Gis.Geometries.Polygon,2836,,1997,MAR,1997,6,None,212,0.23,0.1532,1600,0,9607.31061551822,5768776.07883496,
Geocortex.Gis.Geometries.Polygon,3418,,1997,MAR,1997,7,None,1,0.23,0.1532,1600,0,9607.32334115712,5768791.36124064,
Geocortex.Gis.Geometries.Polygon,3419,,1997,MAR,1997,7,None,2,0.23,0.1532,1600,0,9607.36975007987,5768847.0945659,
Geocortex.Gis.Geometries.Polygon,3420,,1997,MAR,1997,7,None,3,0.23,0.1532,1600,0,9607.41449826123,5768900.83371865,
Geocortex.Gis.Geometries.Polygon,3421,,1997,MAR,1997,7,None,4,0.23,0.1532,1600,0,9607.46392522103,5768960.19202868,
Geocortex.Gis.Geometries.Polygon,3422,,1997,MAR,1997,7,None,5,0.23,0.1532,1600,0,9607.5130092554,5769019.13880247,
Geocortex.Gis.Geometries.Polygon,3423,,1997,MAR,1997,7,None,6,0.23,0.1532,1600,0,9607.56143040561,5769077.2898036,
Geocortex.Gis.Geometries.Polygon,3424,,1997,MAR,1997,7,None,8,0.23,0.1532,1600,0,9607.65149814371,5769185.45673908,
Geocortex.Gis.Geometries.Polygon,3425,,1997,MAR,1997,7,None,9,0.23,0.1532,1600,0,9607.69720971802,5769240.3544944,
Geocortex.Gis.Geometries.Polygon,3426,,1997,MAR,1997,7,None,10,0.23,0.1532,1600,0,9607.74306446954,5769295.42445968,
Geocortex.Gis.Geometries.Polygon,3427,,1997,MAR,1997,7,None,11,0.23,0.1532,1600,0,9607.78869610041,5769350.22672597,
Geocortex.Gis.Geometries.Polygon,3428,,1997,MAR,1997,7,None,12,0.23,0.1532,1600,0,9607.82963521584,5769399.39363861,
Geocortex.Gis.Geometries.Polygon,3429,,1997,MAR,1997,7,None,13,0.23,0.1532,1600,0,9607.8660873202,5769443.17191318,
Geocortex.Gis.Geometries.Polygon,3430,,1997,MAR,1997,7,None,14,0.23,0.1532,1600,0,9607.91117099808,5769497.31676593,
Geocortex.Gis.Geometries.Polygon,3431,,1997,MAR,1997,7,None,15,0.23,0.1532,1600,0,9607.95785273288,5769553.38112463,
Geocortex.Gis.Geometries.Polygon,3432,,1997,MAR,1997,7,None,16,0.23,0.1532,1600,0,9608.00323112591,5769607.88044447,
Geocortex.Gis.Geometries.Polygon,3433,,1997,MAR,1997,7,None,17,0.23,0.1532,1600,0,9608.04440282349,5769657.32778634,
Geocortex.Gis.Geometries.Polygon,3434,,1997,MAR,1997,7,None,18,0.23,0.1532,1600,0,9608.08697805344,5769708.46099146,
Geocortex.Gis.Geometries.Polygon,3435,,1997,MAR,1997,7,None,19,0.23,0.1532,1600,0,9608.12810598166,5769757.85618251,
Geocortex.Gis.Geometries.Polygon,3436,,1997,MAR,1997,7,None,20,0.23,0.1532,1600,0,9608.16453987821,5769801.61390767,
Geocortex.Gis.Geometries.Polygon,3437,,1997,MAR,1997,7,None,21,0.23,0.1532,1600,0,9608.19983277216,5769844.00140531,
Geocortex.Gis.Geometries.Polygon,3438,,1997,MAR,1997,7,None,22,0.23,0.1532,1600,0,9608.24594239986,5769899.38037737,
Geocortex.Gis.Geometries.Polygon,3439,,1997,MAR,1997,7,None,23,0.23,0.1532,1600,0,9608.30010082904,5769964.42659982,
Geocortex.Gis.Geometries.Polygon,3440,,1997,MAR,1997,7,None,24,0.23,0.1532,1600,0,9608.35292865731,5770027.87502459,
Geocortex.Gis.Geometries.Polygon,3441,,1997,MAR,1997,7,None,25,0.23,0.1532,1600,0,9608.39585728294,5770079.43430069,
Geocortex.Gis.Geometries.Polygon,3442,,1997,MAR,1997,7,None,26,0.23,0.1532,1600,0,9608.4408081264,5770133.42259111,
Geocortex.Gis.Geometries.Polygon,4032,,1997,MAR,1997,8,None,27,0.23,0.1532,1600,0,9608.44593636803,5770139.58184129,
Geocortex.Gis.Geometries.Polygon,4033,,1997,MAR,1997,8,None,28,0.23,0.1532,1600,0,9608.40083231528,5770085.40954862,
Geocortex.Gis.Geometries.Polygon,4034,,1997,MAR,1997,8,None,29,0.23,0.1532,1600,0,9608.35768284972,5770033.58502789,We do not hold a copy of this photograph
Geocortex.Gis.Geometries.Polygon,4035,,1997,MAR,1997,8,None,30,0.23,0.1532,1600,0,9608.31228101965,5769979.05552012,
Geocortex.Gis.Geometries.Polygon,4036,,1997,MAR,1997,8,None,31,0.23,0.1532,1600,0,9608.26365893255,5769920.65858987,
Geocortex.Gis.Geometries.Polygon,4037,,1997,MAR,1997,8,None,32,0.23,0.1532,1600,0,9608.21386809052,5769860.85821837,
Geocortex.Gis.Geometries.Polygon,4038,,1997,MAR,1997,8,None,33,0.23,0.1532,1600,0,9608.17544125493,5769814.70670389,
Geocortex.Gis.Geometries.Polygon,4039,,1997,MAR,1997,8,None,34,0.23,0.1532,1600,0,9608.13513319248,5769766.2959812,
Geocortex.Gis.Geometries.Polygon,4040,,1997,MAR,1997,8,None,35,0.23,0.1532,1600,0,9608.09413209831,5769717.05309413,
Geocortex.Gis.Geometries.Polygon,4041,,1997,MAR,1997,8,None,36,0.23,0.1532,1600,0,9608.05356888442,5769668.33630487,
Geocortex.Gis.Geometries.Polygon,4042,,1997,MAR,1997,8,None,37,0.23,0.1532,1600,0,9608.01296443175,5769619.57018848,
Geocortex.Gis.Geometries.Polygon,4043,,1997,MAR,1997,8,None,38,0.23,0.1532,1600,0,9607.96998561093,5769567.95267782,
Geocortex.Gis.Geometries.Polygon,4044,,1997,MAR,1997,8,None,39,0.23,0.1532,1600,0,9607.92292101412,5769511.4284138,
Geocortex.Gis.Geometries.Polygon,4045,,1997,MAR,1997,8,None,40,0.23,0.1532,1600,0,9607.87805680837,5769457.54705792,
Geocortex.Gis.Geometries.Polygon,4046,,1997,MAR,1997,8,None,41,0.23,0.1532,1600,0,9607.83809614801,5769409.55502485,
Geocortex.Gis.Geometries.Polygon,4047,,1997,MAR,1997,8,None,42,0.23,0.1532,1600,0,9607.80094633614,5769364.93895169,
Geocortex.Gis.Geometries.Polygon,4048,,1997,MAR,1997,8,None,43,0.23,0.1532,1600,0,9607.76056698272,5769316.44445211,
Geocortex.Gis.Geometries.Polygon,4049,,1997,MAR,1997,8,None,44,0.23,0.1532,1600,0,9607.71927193611,5769266.85042741,
Geocortex.Gis.Geometries.Polygon,4050,,1997,MAR,1997,8,None,45,0.23,0.1532,1600,0,9607.67703184675,5769216.12165242,
Geocortex.Gis.Geometries.Polygon,4051,,1997,MAR,1997,8,None,46,0.23,0.1532,1600,0,9607.63230807036,5769162.41031681,
Geocortex.Gis.Geometries.Polygon,4052,,1997,MAR,1997,8,None,47,0.23,0.1532,1600,0,9607.59105533359,5769112.86778569,
Geocortex.Gis.Geometries.Polygon,4053,,1997,MAR,1997,8,None,48,0.23,0.1532,1600,0,9607.54988176063,5769063.4205348,
Geocortex.Gis.Geometries.Polygon,4054,,1997,MAR,1997,8,None,49,0.23,0.1532,1600,0,9607.50663773538,5769011.48700556,
Geocortex.Gis.Geometries.Polygon,4055,,1997,MAR,1997,8,None,50,0.23,0.1532,1600,0,9607.46160810499,5768957.409318,
Geocortex.Gis.Geometries.Polygon,4056,,1997,MAR,1997,8,None,51,0.23,0.1532,1600,0,9607.41845303196,5768905.58309194,
Geocortex.Gis.Geometries.Polygon,4057,,1997,MAR,1997,8,None,52,0.23,0.1532,1600,0,9607.37387544061,5768852.04876503,
Geocortex.Gis.Geometries.Polygon,4058,,1997,MAR,1997,8,None,53,0.23,0.1532,1600,0,9607.32913395184,5768798.31786515,
Geocortex.Gis.Geometries.Polygon,4059,,1997,MAR,1997,8,None,54,0.23,0.1532,1600,0,9607.28610045133,5768746.63829943,
Geocortex.Gis.Geometries.Polygon,4691,,1997,MAR,1997,9,None,55,0.23,0.1532,1600,0,9607.28309703729,5768743.0313722,
Geocortex.Gis.Geometries.Polygon,4692,,1997,MAR,1997,9,None,56,0.23,0.1532,1600,0,9607.32916531614,5768798.35542031,
Geocortex.Gis.Geometries.Polygon,4693,,1997,MAR,1997,9,None,57,0.23,0.1532,1600,0,9607.37155955965,5768849.2674944,
Geocortex.Gis.Geometries.Polygon,4694,,1997,MAR,1997,9,None,58,0.23,0.1532,1600,0,9607.41631289234,5768903.01288709,
Geocortex.Gis.Geometries.Polygon,4695,,1997,MAR,1997,9,None,59,0.23,0.1532,1600,0,9607.45410783068,5768948.40196675,
Geocortex.Gis.Geometries.Polygon,4696,,1997,MAR,1997,9,None,60,0.23,0.1532,1600,0,9607.49479778581,5768997.26796125,
Geocortex.Gis.Geometries.Polygon,4697,,1997,MAR,1997,9,None,61,0.23,0.1532,1600,0,9607.53531489639,5769045.92657494,
Geocortex.Gis.Geometries.Polygon,4698,,1997,MAR,1997,9,None,62,0.23,0.1532,1600,0,9607.57611653448,5769094.92706626,
Geocortex.Gis.Geometries.Polygon,4699,,1997,MAR,1997,9,None,63,0.23,0.1532,1600,0,9607.61832552195,5769145.6179227,
Geocortex.Gis.Geometries.Polygon,4700,,1997,MAR,1997,9,None,64,0.23,0.1532,1600,0,9607.66102824089,5769196.9019708,
Geocortex.Gis.Geometries.Polygon,4701,,1997,MAR,1997,9,None,65,0.23,0.1532,1600,0,9607.7037135543,5769248.16537244,
Geocortex.Gis.Geometries.Polygon,4702,,1997,MAR,1997,9,None,66,0.23,0.1532,1600,0,9607.74618535735,5769299.17257625,
Geocortex.Gis.Geometries.Polygon,4703,,1997,MAR,1997,9,None,67,0.23,0.1532,1600,0,9607.78779549599,5769349.1451327,
Geocortex.Gis.Geometries.Polygon,4704,,1997,MAR,1997,9,None,68,0.23,0.1532,1600,0,9607.82645977339,5769395.57997764,
Geocortex.Gis.Geometries.Polygon,4705,,1997,MAR,1997,9,None,69,0.23,0.1532,1600,0,9607.86802052392,5769445.49361924,
Geocortex.Gis.Geometries.Polygon,4706,,1997,MAR,1997,9,None,70,0.23,0.1532,1600,0,9607.91083760505,5769496.91637,
Geocortex.Gis.Geometries.Polygon,4707,,1997,MAR,1997,9,None,71,0.23,0.1532,1600,0,9607.95655337377,5769551.82064911,
Geocortex.Gis.Geometries.Polygon,4708,,1997,MAR,1997,9,None,72,0.23,0.1532,1600,0,9607.99794535328,5769601.5322955,
Geocortex.Gis.Geometries.Polygon,4709,,1997,MAR,1997,9,None,73,0.23,0.1532,1600,0,9608.03872662405,5769650.51068358,
Geocortex.Gis.Geometries.Polygon,4710,,1997,MAR,1997,9,None,74,0.23,0.1532,1600,0,9608.07570173761,5769694.91804359,
Geocortex.Gis.Geometries.Polygon,4711,,1997,MAR,1997,9,None,75,0.23,0.1532,1600,0,9608.11687630951,5769744.369187,
Geocortex.Gis.Geometries.Polygon,4712,,1997,MAR,1997,9,None,76,0.23,0.1532,1600,0,9608.15725389236,5769792.86334252,
Geocortex.Gis.Geometries.Polygon,4713,,1997,MAR,1997,9,None,77,0.23,0.1532,1600,0,9608.20006231154,5769844.27718916,
Geocortex.Gis.Geometries.Polygon,4714,,1997,MAR,1997,9,None,78,0.23,0.1532,1600,0,9608.2451123031,5769898.38351723,
Geocortex.Gis.Geometries.Polygon,4715,,1997,MAR,1997,9,None,79,0.23,0.1532,1600,0,9608.29029318815,5769952.64730384,
Geocortex.Gis.Geometries.Polygon,4716,,1997,MAR,1997,9,None,80,0.23,0.1532,1600,0,9608.3336706661,5770004.7453521,We do not hold a copy of this photograph
Geocortex.Gis.Geometries.Polygon,4717,,1997,MAR,1997,9,None,81,0.23,0.1532,1600,0,9608.38131917944,5770061.97331147,
Geocortex.Gis.Geometries.Polygon,4718,,1997,MAR,1997,9,None,82,0.23,0.1532,1600,0,9608.42958780212,5770119.9463238,
Geocortex.Gis.Geometries.Polygon,4719,,1997,MAR,1997,9,None,83,0.23,0.1532,1600,0,9608.47888818278,5770179.15884936,
Geocortex.Gis.Geometries.Polygon,4720,,1997,MAR,1997,9,None,84,0.23,0.1532,1600,0,9608.53286564888,5770243.98923799,
Geocortex.Gis.Geometries.Polygon,4721,,1997,MAR,1997,9,None,85,0.23,0.1532,1600,0,9608.58686051224,5770308.84087338,
Geocortex.Gis.Geometries.Polygon,4722,,1997,MAR,1997,9,None,86,0.23,0.1532,1600,0,9608.63379371903,5770365.21123812,
Geocortex.Gis.Geometries.Polygon,4723,,1997,MAR,1997,9,None,87,0.23,0.1532,1600,0,9608.68145926996,5770422.4614573,
Geocortex.Gis.Geometries.Polygon,5394,,1997,MAR,1997,10,None,121,0.23,0.1532,1600,0,9607.28581697407,5768746.29779591,
Geocortex.Gis.Geometries.Polygon,5395,,1997,MAR,1997,10,None,122,0.23,0.1532,1600,0,9607.33564575012,5768806.13790802,
Geocortex.Gis.Geometries.Polygon,5396,,1997,MAR,1997,10,None,123,0.23,0.1532,1600,0,9607.38788748375,5768868.87610807,
Geocortex.Gis.Geometries.Polygon,5397,,1997,MAR,1997,10,None,124,0.23,0.1532,1600,0,9607.43348206107,5768923.63185655,
Geocortex.Gis.Geometries.Polygon,5398,,1997,MAR,1997,10,None,125,0.23,0.1532,1600,0,9607.47593494046,5768974.61490977,
Geocortex.Gis.Geometries.Polygon,5399,,1997,MAR,1997,10,None,126,0.23,0.1532,1600,0,9607.51595128972,5769022.6720474,
Geocortex.Gis.Geometries.Polygon,5400,,1997,MAR,1997,10,None,127,0.23,0.1532,1600,0,9607.56094618014,5769076.70830167,
Geocortex.Gis.Geometries.Polygon,5401,,1997,MAR,1997,10,None,128,0.23,0.1532,1600,0,9607.60422613614,5769128.6852475,
Geocortex.Gis.Geometries.Polygon,5402,,1997,MAR,1997,10,None,129,0.23,0.1532,1600,0,9607.6526400388,5769186.82809498,
Geocortex.Gis.Geometries.Polygon,5403,,1997,MAR,1997,10,None,130,0.23,0.1532,1600,0,9607.69785844993,5769241.13361687,
Geocortex.Gis.Geometries.Polygon,5404,,1997,MAR,1997,10,None,131,0.23,0.1532,1600,0,9607.74396940953,5769296.51128864,
Geocortex.Gis.Geometries.Polygon,5405,,1997,MAR,1997,10,None,132,0.23,0.1532,1600,0,9607.78744096293,5769348.71933945,
Geocortex.Gis.Geometries.Polygon,5406,,1997,MAR,1997,10,None,134,0.23,0.1532,1600,0,9607.87621463545,5769455.33462039,
Geocortex.Gis.Geometries.Polygon,5407,,1997,MAR,1997,10,None,135,0.23,0.1532,1600,0,9607.91994749229,5769507.85725063,
Geocortex.Gis.Geometries.Polygon,5408,,1997,MAR,1997,10,None,136,0.23,0.1532,1600,0,9607.96375798501,5769560.47335417,
Geocortex.Gis.Geometries.Polygon,5409,,1997,MAR,1997,10,None,137,0.23,0.1532,1600,0,9608.00639058721,5769611.67502747,
Geocortex.Gis.Geometries.Polygon,5410,,1997,MAR,1997,10,None,138,0.23,0.1532,1600,0,9608.04603077214,5769659.28300692,
Geocortex.Gis.Geometries.Polygon,5411,,1997,MAR,1997,10,None,139,0.23,0.1532,1600,0,9608.0837180888,5769704.5457643,
Geocortex.Gis.Geometries.Polygon,5412,,1997,MAR,1997,10,None,140,0.23,0.1532,1600,0,9608.12576822662,5769755.04851796,
Geocortex.Gis.Geometries.Polygon,5413,,1997,MAR,1997,10,None,141,0.23,0.1532,1600,0,9608.17064527701,5769808.94667146,
Geocortex.Gis.Geometries.Polygon,5414,,1997,MAR,1997,10,None,142,0.23,0.1532,1600,0,9608.21371531309,5769860.67480149,
Geocortex.Gis.Geometries.Polygon,5415,,1997,MAR,1997,10,None,143,0.23,0.1532,1600,0,9608.25615815635,5769911.64992934,
Geocortex.Gis.Geometries.Polygon,5416,,1997,MAR,1997,10,None,144,0.23,0.1532,1600,0,9608.29756942801,5769961.38632425,
Geocortex.Gis.Geometries.Polygon,5417,,1997,MAR,1997,10,None,145,0.23,0.1532,1600,0,9608.3374901652,5770009.33272902,We do not hold a copy of this photograph
Geocortex.Gis.Geometries.Polygon,5418,,1997,MAR,1997,10,None,146,0.23,0.1532,1600,0,9608.38221854728,5770063.05349806,
Geocortex.Gis.Geometries.Polygon,5419,,1997,MAR,1997,10,None,147,0.23,0.1532,1600,0,9608.4300548324,5770120.5072626,
Geocortex.Gis.Geometries.Polygon,5420,,1997,MAR,1997,10,None,148,0.23,0.1532,1600,0,9608.4786553416,5770178.87919669,
Geocortex.Gis.Geometries.Polygon,5421,,1997,MAR,1997,10,None,149,0.23,0.1532,1600,0,9608.52744329309,5770237.47663254,
Geocortex.Gis.Geometries.Polygon,5422,,1997,MAR,1997,10,None,150,0.23,0.1532,1600,0,9608.57716784085,5770297.19927387,
Geocortex.Gis.Geometries.Polygon,5423,,1997,MAR,1997,10,None,151,0.23,0.1532,1600,0,9608.62362233325,5770352.99461494,
Geocortex.Gis.Geometries.Polygon,6136,,1997,MAR,1997,11,None,88,0.23,0.1532,1600,0,9608.66734841716,5770405.51314128,
Geocortex.Gis.Geometries.Polygon,6137,,1997,MAR,1997,11,None,89,0.23,0.1532,1600,0,9608.62148621259,5770350.42894763,
Geocortex.Gis.Geometries.Polygon,6138,,1997,MAR,1997,11,None,90,0.23,0.1532,1600,0,9608.57735367652,5770297.42246154,
Geocortex.Gis.Geometries.Polygon,6139,,1997,MAR,1997,11,None,91,0.23,0.1532,1600,0,9608.53160225229,5770242.47182981,
Geocortex.Gis.Geometries.Polygon,6140,,1997,MAR,1997,11,None,92,0.23,0.1532,1600,0,9608.48400744051,5770185.30743052,
Geocortex.Gis.Geometries.Polygon,6141,,1997,MAR,1997,11,None,93,0.23,0.1532,1600,0,9608.43726560415,5770129.16781457,
Geocortex.Gis.Geometries.Polygon,6142,,1997,MAR,1997,11,None,94,0.23,0.1532,1600,0,9608.39397354032,5770077.17181261,
Geocortex.Gis.Geometries.Polygon,6143,,1997,MAR,1997,11,None,95,0.23,0.1532,1600,0,9608.34827525389,5770022.28604699,We do not hold a copy of this photograph
Geocortex.Gis.Geometries.Polygon,6144,,1997,MAR,1997,11,None,96,0.23,0.1532,1600,0,9608.30484392907,5769970.12324247,
Geocortex.Gis.Geometries.Polygon,6145,,1997,MAR,1997,11,None,97,0.23,0.1532,1600,0,9608.26283345729,5769919.66717031,
Geocortex.Gis.Geometries.Polygon,6146,,1997,MAR,1997,11,None,98,0.23,0.1532,1600,0,9608.22025081688,5769868.52412522,
Geocortex.Gis.Geometries.Polygon,6147,,1997,MAR,1997,11,None,99,0.23,0.1532,1600,0,9608.17755851546,5769817.24963127,
Geocortex.Gis.Geometries.Polygon,6148,,1997,MAR,1997,11,None,100,0.23,0.1532,1600,0,9608.13472437206,5769765.80500762,
Geocortex.Gis.Geometries.Polygon,6149,,1997,MAR,1997,11,None,101,0.23,0.1532,1600,0,9608.09361045195,5769716.42660573,
Geocortex.Gis.Geometries.Polygon,6150,,1997,MAR,1997,11,None,102,0.23,0.1532,1600,0,9608.05382928732,5769668.64906086,
Geocortex.Gis.Geometries.Polygon,6151,,1997,MAR,1997,11,None,103,0.23,0.1532,1600,0,9608.01313050482,5769619.76965486,
Geocortex.Gis.Geometries.Polygon,6152,,1997,MAR,1997,11,None,104,0.23,0.1532,1600,0,9607.97346187179,5769572.12766391,
Geocortex.Gis.Geometries.Polygon,6153,,1997,MAR,1997,11,None,105,0.23,0.1532,1600,0,9607.93345010684,5769524.07375399,
Geocortex.Gis.Geometries.Polygon,6154,,1997,MAR,1997,11,None,106,0.23,0.1532,1600,0,9607.89467778477,5769477.50859477,
Geocortex.Gis.Geometries.Polygon,6155,,1997,MAR,1997,11,None,107,0.23,0.1532,1600,0,9607.8547267345,5769429.52801453,
Geocortex.Gis.Geometries.Polygon,6156,,1997,MAR,1997,11,None,108,0.23,0.1532,1600,0,9607.81248322858,5769378.79446168,
Geocortex.Gis.Geometries.Polygon,6157,,1997,MAR,1997,11,None,109,0.23,0.1532,1600,0,9607.77213310445,5769330.33501613,
Geocortex.Gis.Geometries.Polygon,6158,,1997,MAR,1997,11,None,110,0.23,0.1532,1600,0,9607.73180027478,5769281.89655266,
Geocortex.Gis.Geometries.Polygon,6159,,1997,MAR,1997,11,None,111,0.23,0.1532,1600,0,9607.68819989524,5769229.53404683,
Geocortex.Gis.Geometries.Polygon,6160,,1997,MAR,1997,11,None,112,0.23,0.1532,1600,0,9607.64398223162,5769176.43042149,
Geocortex.Gis.Geometries.Polygon,6161,,1997,MAR,1997,11,None,113,0.23,0.1532,1600,0,9607.60329921561,5769127.5720599,
Geocortex.Gis.Geometries.Polygon,6162,,1997,MAR,1997,11,None,114,0.23,0.1532,1600,0,9607.56518000468,5769081.7929033,
Geocortex.Gis.Geometries.Polygon,6163,,1997,MAR,1997,11,None,115,0.23,0.1532,1600,0,9607.52629518656,5769035.09443793,
Geocortex.Gis.Geometries.Polygon,6164,,1997,MAR,1997,11,None,116,0.23,0.1532,1600,0,9607.48689428903,5768987.77638973,
Geocortex.Gis.Geometries.Polygon,6165,,1997,MAR,1997,11,None,117,0.23,0.1532,1600,0,9607.45284758191,5768946.88853876,
Geocortex.Gis.Geometries.Polygon,6166,,1997,MAR,1997,11,None,118,0.23,0.1532,1600,0,9607.41688834303,5768903.70402672,
Geocortex.Gis.Geometries.Polygon,6167,,1997,MAR,1997,11,None,119,0.23,0.1532,1600,0,9607.37057393945,5768848.08393524,
Geocortex.Gis.Geometries.Polygon,6168,,1997,MAR,1997,11,None,120,0.23,0.1532,1600,0,9607.37057393945,5768848.08393524,
Geocortex.Gis.Geometries.Polygon,6874,,1997,MAR,1997,12,None,154,0.23,0.1532,1600,0,9608.69436320076,5770437.96020271,
Geocortex.Gis.Geometries.Polygon,6875,,1997,MAR,1997,12,None,155,0.23,0.1532,1600,0,9608.65593339033,5770391.80274277,
Geocortex.Gis.Geometries.Polygon,6876,,1997,MAR,1997,12,None,156,0.23,0.1532,1600,0,9608.616816021,5770344.81964563,
Geocortex.Gis.Geometries.Polygon,6877,,1997,MAR,1997,12,None,157,0.23,0.1532,1600,0,9608.5749241125,5770294.50435086,
Geocortex.Gis.Geometries.Polygon,6878,,1997,MAR,1997,12,None,158,0.23,0.1532,1600,0,9608.53213220756,5770243.10833643,
Geocortex.Gis.Geometries.Polygon,6879,,1997,MAR,1997,12,None,159,0.23,0.1532,1600,0,9608.4851094943,5770186.63107828,
Geocortex.Gis.Geometries.Polygon,6880,,1997,MAR,1997,12,None,160,0.23,0.1532,1600,0,9608.4456612949,5770139.25151691,
Geocortex.Gis.Geometries.Polygon,6881,,1997,MAR,1997,12,None,161,0.23,0.1532,1600,0,9608.40481160578,5770090.1888638,
Geocortex.Gis.Geometries.Polygon,6882,,1997,MAR,1997,12,None,162,0.23,0.1532,1600,0,9608.36330507527,5770040.33749517,
Geocortex.Gis.Geometries.Polygon,6883,,1997,MAR,1997,12,None,163,0.23,0.1532,1600,0,9608.31703484467,5769984.76498527,
Geocortex.Gis.Geometries.Polygon,6884,,1997,MAR,1997,12,None,164,0.23,0.1532,1600,0,9608.27066277777,5769929.07043684,
Geocortex.Gis.Geometries.Polygon,6885,,1997,MAR,1997,12,None,165,0.23,0.1532,1600,0,9608.22472400385,5769873.89654077,
Geocortex.Gis.Geometries.Polygon,6886,,1997,MAR,1997,12,None,166,0.23,0.1532,1600,0,9608.18549436931,5769826.78076491,
Geocortex.Gis.Geometries.Polygon,6887,,1997,MAR,1997,12,None,167,0.23,0.1532,1600,0,9608.14585169716,5769779.16911484,
Geocortex.Gis.Geometries.Polygon,6888,,1997,MAR,1997,12,None,168,0.23,0.1532,1600,0,9608.10762543584,5769733.25878159,
Geocortex.Gis.Geometries.Polygon,6889,,1997,MAR,1997,12,None,169,0.23,0.1532,1600,0,9608.06862414784,5769686.41779941,
Geocortex.Gis.Geometries.Polygon,6890,,1997,MAR,1997,12,None,170,0.23,0.1532,1600,0,9608.02928014611,5769639.16540483,
Geocortex.Gis.Geometries.Polygon,6891,,1997,MAR,1997,12,None,171,0.23,0.1532,1600,0,9607.99088643331,5769593.05450343,
Geocortex.Gis.Geometries.Polygon,6892,,1997,MAR,1997,12,None,172,0.23,0.1532,1600,0,9607.9522464104,5769546.64796499,
Geocortex.Gis.Geometries.Polygon,6893,,1997,MAR,1997,12,None,173,0.23,0.1532,1600,0,9607.9126279598,5769499.06653369,
Geocortex.Gis.Geometries.Polygon,6894,,1997,MAR,1997,12,None,174,0.23,0.1532,1600,0,9607.87338362099,5769451.93460069,
Geocortex.Gis.Geometries.Polygon,6895,,1997,MAR,1997,12,None,175,0.23,0.1532,1600,0,9607.83569744869,5769406.6742102,
Geocortex.Gis.Geometries.Polygon,6896,,1997,MAR,1997,12,None,176,0.23,0.1532,1600,0,9607.79726043267,5769360.51225132,
Geocortex.Gis.Geometries.Polygon,6897,,1997,MAR,1997,12,None,177,0.23,0.1532,1600,0,9607.76091734801,5769316.86521717,
Geocortex.Gis.Geometries.Polygon,6898,,1997,MAR,1997,12,None,178,0.23,0.1532,1600,0,9607.71571981726,5769262.58445562,
Geocortex.Gis.Geometries.Polygon,6899,,1997,MAR,1997,12,None,179,0.23,0.1532,1600,0,9607.67131171693,5769209.25199477,
Geocortex.Gis.Geometries.Polygon,6900,,1997,MAR,1997,12,None,180,0.23,0.1532,1600,0,9607.62617152091,5769155.0405391,
Geocortex.Gis.Geometries.Polygon,6901,,1997,MAR,1997,12,None,181,0.23,0.1532,1600,0,9607.59418177439,5769116.62246977,
Geocortex.Gis.Geometries.Polygon,6902,,1997,MAR,1997,12,None,182,0.23,0.1532,1600,0,9607.56263944958,5769078.74182259,
Geocortex.Gis.Geometries.Polygon,6903,,1997,MAR,1997,12,None,183,0.23,0.1532,1600,0,9607.52670701172,5769035.58899281,
Geocortex.Gis.Geometries.Polygon,6904,,1997,MAR,1997,12,None,184,0.23,0.1532,1600,0,9607.48382206774,5768984.08683737,
Geocortex.Gis.Geometries.Polygon,6905,,1997,MAR,1997,12,None,185,0.23,0.1532,1600,0,9607.44258506745,5768934.5639653,
Geocortex.Gis.Geometries.Polygon,6906,,1997,MAR,1997,12,None,186,0.23,0.1532,1600,0,9607.39546518163,5768877.97640673,
Geocortex.Gis.Geometries.Polygon,6907,,1997,MAR,1997,12,None,187,0.23,0.1532,1600,0,9607.34713999599,5768819.94166515,
Geocortex.Gis.Geometries.Polygon,6908,,1997,MAR,1997,12,None,188,0.23,0.1532,1600,0,9607.34713999599,5768819.94166515,
Geocortex.Gis.Geometries.Polygon,7635,,1997,MAR,1997,13,None,99,0.23,0.1532,1600,0,9608.65733169839,5770393.48221523,
Geocortex.Gis.Geometries.Polygon,7636,,1997,MAR,1997,13,None,100,0.23,0.1532,1600,0,9608.61871398647,5770347.09925938,
Geocortex.Gis.Geometries.Polygon,7637,,1997,MAR,1997,13,None,101,0.23,0.1532,1600,0,9608.58345510242,5770304.75070336,
Geocortex.Gis.Geometries.Polygon,7638,,1997,MAR,1997,13,None,102,0.23,0.1532,1600,0,9608.53988252552,5770252.41700887,
Geocortex.Gis.Geometries.Polygon,7639,,1997,MAR,1997,13,None,103,0.23,0.1532,1600,0,9608.50232073574,5770207.30287528,
Geocortex.Gis.Geometries.Polygon,7640,,1997,MAR,1997,13,None,104,0.23,0.1532,1600,0,9608.46419054272,5770161.50622433,
Geocortex.Gis.Geometries.Polygon,7641,,1997,MAR,1997,13,None,105,0.23,0.1532,1600,0,9608.42757995431,5770117.53484496,
Geocortex.Gis.Geometries.Polygon,7642,,1997,MAR,1997,13,None,106,0.23,0.1532,1600,0,9608.39242778747,5770075.31527914,
Geocortex.Gis.Geometries.Polygon,7643,,1997,MAR,1997,13,None,107,0.23,0.1532,1600,0,9608.35387929814,5770029.01673744,
Geocortex.Gis.Geometries.Polygon,7644,,1997,MAR,1997,13,None,108,0.23,0.1532,1600,0,9608.30616496562,5769971.70988035,
Geocortex.Gis.Geometries.Polygon,7645,,1997,MAR,1997,13,None,109,0.23,0.1532,1600,0,9608.26172679393,5769918.33806535,
Geocortex.Gis.Geometries.Polygon,7646,,1997,MAR,1997,13,None,110,0.23,0.1532,1600,0,9608.2201483185,5769868.40106469,
Geocortex.Gis.Geometries.Polygon,7647,,1997,MAR,1997,13,None,111,0.23,0.1532,1600,0,9608.18578976298,5769827.13557028,
Geocortex.Gis.Geometries.Polygon,7648,,1997,MAR,1997,13,None,112,0.23,0.1532,1600,0,9608.15165296329,5769786.13655703,
Geocortex.Gis.Geometries.Polygon,7649,,1997,MAR,1997,13,None,113,0.23,0.1532,1600,0,9608.11712261962,5769744.66503746,
Geocortex.Gis.Geometries.Polygon,7650,,1997,MAR,1997,13,None,114,0.23,0.1532,1600,0,9608.07819660201,5769697.91441328,
Geocortex.Gis.Geometries.Polygon,7651,,1997,MAR,1997,13,None,115,0.23,0.1532,1600,0,9608.03683180133,5769648.23498978,
Geocortex.Gis.Geometries.Polygon,7652,,1997,MAR,1997,13,None,116,0.23,0.1532,1600,0,9607.99515446483,5769598.18041989,
Geocortex.Gis.Geometries.Polygon,7653,,1997,MAR,1997,13,None,117,0.23,0.1532,1600,0,9607.95278761834,5769547.2979683,
Geocortex.Gis.Geometries.Polygon,7654,,1997,MAR,1997,13,None,118,0.23,0.1532,1600,0,9607.91200576549,5769498.31929433,
Geocortex.Gis.Geometries.Polygon,7655,,1997,MAR,1997,13,None,119,0.23,0.1532,1600,0,9607.86794602695,5769445.40414632,
Geocortex.Gis.Geometries.Polygon,7656,,1997,MAR,1997,13,None,120,0.23,0.1532,1600,0,9607.82937918031,5769399.08610231,
Geocortex.Gis.Geometries.Polygon,7657,,1997,MAR,1997,13,None,121,0.23,0.1532,1600,0,9607.79108782973,5769353.09910577,
Geocortex.Gis.Geometries.Polygon,7658,,1997,MAR,1997,13,None,122,0.23,0.1532,1600,0,9607.75010816789,5769303.88371213,
Geocortex.Gis.Geometries.Polygon,7659,,1997,MAR,1997,13,None,123,0.23,0.1532,1600,0,9607.69981851089,5769243.48755519,
Geocortex.Gis.Geometries.Polygon,7660,,1997,MAR,1997,13,None,124,0.23,0.1532,1600,0,9607.65021971371,5769183.92137564,
Geocortex.Gis.Geometries.Polygon,7661,,1997,MAR,1997,13,None,125,0.23,0.1532,1600,0,9607.60765099492,5769132.7982954,
Geocortex.Gis.Geometries.Polygon,7662,,1997,MAR,1997,13,None,126,0.23,0.1532,1600,0,9607.57544067316,5769094.11539949,
Geocortex.Gis.Geometries.Polygon,7663,,1997,MAR,1997,13,None,127,0.23,0.1532,1600,0,9607.54495874356,5769057.50827473,
Geocortex.Gis.Geometries.Polygon,7664,,1997,MAR,1997,13,None,128,0.23,0.1532,1600,0,9607.50579485881,5769010.47476811,
Geocortex.Gis.Geometries.Polygon,7665,,1997,MAR,1997,13,None,129,0.23,0.1532,1600,0,9607.46245952551,5768958.43181861,
Geocortex.Gis.Geometries.Polygon,7666,,1997,MAR,1997,13,None,130,0.23,0.1532,1600,0,9607.41918704527,5768906.46457925,
Geocortex.Gis.Geometries.Polygon,7667,,1997,MAR,1997,13,None,131,0.23,0.1532,1600,0,9607.37094081115,5768848.52448648,
Geocortex.Gis.Geometries.Polygon,7668,,1997,MAR,1997,13,None,132,0.23,0.1532,1600,0,9607.32227415371,5768790.07979476,
Geocortex.Gis.Geometries.Polygon,7669,,1997,MAR,1997,13,None,133,0.23,0.1532,1600,0,9607.32227415371,5768790.07979476,
Geocortex.Gis.Geometries.Polygon,8449,,1997,MAR,1997,14,None,62,0.23,0.1532,1600,0,9607.27324969227,5768731.20558316,
Geocortex.Gis.Geometries.Polygon,8450,,1997,MAR,1997,14,None,63,0.23,0.1532,1600,0,9607.3157840768,5768782.28566352,
Geocortex.Gis.Geometries.Polygon,8451,,1997,MAR,1997,14,None,64,0.23,0.1532,1600,0,9607.35585944549,5768830.4129044,
Geocortex.Gis.Geometries.Polygon,8452,,1997,MAR,1997,14,None,65,0.23,0.1532,1600,0,9607.39541811896,5768877.91981775,
Geocortex.Gis.Geometries.Polygon,8453,,1997,MAR,1997,14,None,66,0.23,0.1532,1600,0,9607.43698111484,5768927.8339717,
Geocortex.Gis.Geometries.Polygon,8454,,1997,MAR,1997,14,None,67,0.23,0.1532,1600,0,9607.48094171684,5768980.62770596,
Geocortex.Gis.Geometries.Polygon,8455,,1997,MAR,1997,14,None,68,0.23,0.1532,1600,0,9607.52728454302,5769036.28258605,
Geocortex.Gis.Geometries.Polygon,8456,,1997,MAR,1997,14,None,69,0.23,0.1532,1600,0,9607.56152409868,5769077.40234905,
Geocortex.Gis.Geometries.Polygon,8457,,1997,MAR,1997,14,None,70,0.23,0.1532,1600,0,9607.59291919089,5769115.10614871,
Geocortex.Gis.Geometries.Polygon,8458,,1997,MAR,1997,14,None,71,0.23,0.1532,1600,0,9607.62930681536,5769158.80588981,
Geocortex.Gis.Geometries.Polygon,8459,,1997,MAR,1997,14,None,72,0.23,0.1532,1600,0,9607.68220985162,5769222.34023487,
Geocortex.Gis.Geometries.Polygon,8460,,1997,MAR,1997,14,None,73,0.23,0.1532,1600,0,9607.73190997516,5769282.0282713,
Geocortex.Gis.Geometries.Polygon,8461,,1997,MAR,1997,14,None,74,0.23,0.1532,1600,0,9607.77572393842,5769334.64748545,
Geocortex.Gis.Geometries.Polygon,8462,,1997,MAR,1997,14,None,75,0.23,0.1532,1600,0,9607.81315551916,5769379.60184676,
Geocortex.Gis.Geometries.Polygon,8463,,1997,MAR,1997,14,None,76,0.23,0.1532,1600,0,9607.84974167544,5769423.54104206,
Geocortex.Gis.Geometries.Polygon,8464,,1997,MAR,1997,14,None,77,0.23,0.1532,1600,0,9607.89106976255,5769473.17541043,
Geocortex.Gis.Geometries.Polygon,8465,,1997,MAR,1997,14,None,78,0.23,0.1532,1600,0,9607.93353591468,5769524.1768103,
Geocortex.Gis.Geometries.Polygon,8466,,1997,MAR,1997,14,None,79,0.23,0.1532,1600,0,9607.9748927367,5769573.84612407,
Geocortex.Gis.Geometries.Polygon,8467,,1997,MAR,1997,14,None,80,0.23,0.1532,1600,0,9608.01675123808,5769624.11816486,
Geocortex.Gis.Geometries.Polygon,8468,,1997,MAR,1997,14,None,81,0.23,0.1532,1600,0,9608.05583987517,5769671.06379568,
Geocortex.Gis.Geometries.Polygon,8469,,1997,MAR,1997,14,None,82,0.23,0.1532,1600,0,9608.09668703211,5769720.12162145,
Geocortex.Gis.Geometries.Polygon,8470,,1997,MAR,1997,14,None,83,0.23,0.1532,1600,0,9608.13727820029,5769768.87221387,
Geocortex.Gis.Geometries.Polygon,8471,,1997,MAR,1997,14,None,84,0.23,0.1532,1600,0,9608.17749140686,5769817.16906366,
Geocortex.Gis.Geometries.Polygon,8472,,1997,MAR,1997,14,None,85,0.23,0.1532,1600,0,9608.21586853643,5769863.26093902,
Geocortex.Gis.Geometries.Polygon,8473,,1997,MAR,1997,14,None,86,0.23,0.1532,1600,0,9608.2617134045,5769918.3219954,
Geocortex.Gis.Geometries.Polygon,8474,,1997,MAR,1997,14,None,87,0.23,0.1532,1600,0,9608.31313473576,5769980.080843,
Geocortex.Gis.Geometries.Polygon,8475,,1997,MAR,1997,14,None,88,0.23,0.1532,1600,0,9608.36242317741,5770039.27831338,
Geocortex.Gis.Geometries.Polygon,8476,,1997,MAR,1997,14,None,89,0.23,0.1532,1600,0,9608.40640101907,5770092.09783757,
Geocortex.Gis.Geometries.Polygon,8477,,1997,MAR,1997,14,None,90,0.23,0.1532,1600,0,9608.44725366129,5770141.16406114,
Geocortex.Gis.Geometries.Polygon,8478,,1997,MAR,1997,14,None,91,0.23,0.1532,1600,0,9608.48670615598,5770188.54882072,
Geocortex.Gis.Geometries.Polygon,8479,,1997,MAR,1997,14,None,92,0.23,0.1532,1600,0,9608.52884285779,5770239.15764309,
Geocortex.Gis.Geometries.Polygon,8480,,1997,MAR,1997,14,None,93,0.23,0.1532,1600,0,9608.57177386704,5770290.72070944,
Geocortex.Gis.Geometries.Polygon,8481,,1997,MAR,1997,14,None,94,0.23,0.1532,1600,0,9608.61759810723,5770345.75900617,
Geocortex.Gis.Geometries.Polygon,8482,,1997,MAR,1997,14,None,95,0.23,0.1532,1600,0,9608.61759810723,5770345.75900617,
Geocortex.Gis.Geometries.Polygon,9171,,1997,MAR,1997,15,None,134,0.23,0.1532,1600,0,9607.29603235918,5768758.56559917,
Geocortex.Gis.Geometries.Polygon,9172,,1997,MAR,1997,15,None,135,0.23,0.1532,1600,0,9607.34067685625,5768812.17987116,
Geocortex.Gis.Geometries.Polygon,9173,,1997,MAR,1997,15,None,136,0.23,0.1532,1600,0,9607.37971679309,5768859.06374562,
Geocortex.Gis.Geometries.Polygon,9174,,1997,MAR,1997,15,None,137,0.23,0.1532,1600,0,9607.42618227434,5768914.8653448,
Geocortex.Gis.Geometries.Polygon,9175,,1997,MAR,1997,15,None,138,0.23,0.1532,1600,0,9607.46551292395,5768962.0987615,
Geocortex.Gis.Geometries.Polygon,9176,,1997,MAR,1997,15,None,139,0.23,0.1532,1600,0,9607.50153016243,5769005.35316153,
Geocortex.Gis.Geometries.Polygon,9177,,1997,MAR,1997,15,None,140,0.23,0.1532,1600,0,9607.53602018701,5769046.77362144,
Geocortex.Gis.Geometries.Polygon,9178,,1997,MAR,1997,15,None,141,0.23,0.1532,1600,0,9607.56734821616,5769084.39682349,
Geocortex.Gis.Geometries.Polygon,9179,,1997,MAR,1997,15,None,142,0.23,0.1532,1600,0,9607.59833366878,5769121.60870711,
Geocortex.Gis.Geometries.Polygon,9180,,1997,MAR,1997,15,None,143,0.23,0.1532,1600,0,9607.63664628836,5769167.62033047,
Geocortex.Gis.Geometries.Polygon,9181,,1997,MAR,1997,15,None,144,0.23,0.1532,1600,0,9607.68235041751,5769222.50905672,
Geocortex.Gis.Geometries.Polygon,9182,,1997,MAR,1997,15,None,145,0.23,0.1532,1600,0,9607.7278682279,5769277.17426366,
Geocortex.Gis.Geometries.Polygon,9183,,1997,MAR,1997,15,None,146,0.23,0.1532,1600,0,9607.77021491059,5769328.03129811,
Geocortex.Gis.Geometries.Polygon,9184,,1997,MAR,1997,15,None,147,0.23,0.1532,1600,0,9607.8056893084,5769370.6351182,
Geocortex.Gis.Geometries.Polygon,9185,,1997,MAR,1997,15,None,148,0.23,0.1532,1600,0,9607.84361464647,5769416.18262144,
Geocortex.Gis.Geometries.Polygon,9186,,1997,MAR,1997,15,None,149,0.23,0.1532,1600,0,9607.88116145004,5769461.27568323,
Geocortex.Gis.Geometries.Polygon,9187,,1997,MAR,1997,15,None,150,0.23,0.1532,1600,0,9607.92356625354,5769512.20334216,
Geocortex.Gis.Geometries.Polygon,9188,,1997,MAR,1997,15,None,151,0.23,0.1532,1600,0,9607.96633373294,5769563.56679606,
Geocortex.Gis.Geometries.Polygon,9189,,1997,MAR,1997,15,None,152,0.23,0.1532,1600,0,9608.00636651751,5769611.64609926,
Geocortex.Gis.Geometries.Polygon,9190,,1997,MAR,1997,15,None,153,0.23,0.1532,1600,0,9608.050354787,5769664.47615641,
Geocortex.Gis.Geometries.Polygon,9191,,1997,MAR,1997,15,None,154,0.23,0.1532,1600,0,9608.09451301305,5769717.51058198,
Geocortex.Gis.Geometries.Polygon,9192,,1997,MAR,1997,15,None,155,0.23,0.1532,1600,0,9608.139783976,5769771.88167112,
Geocortex.Gis.Geometries.Polygon,9193,,1997,MAR,1997,15,None,156,0.23,0.1532,1600,0,9608.18185399401,5769822.40860121,
Geocortex.Gis.Geometries.Polygon,9194,,1997,MAR,1997,15,None,157,0.23,0.1532,1600,0,9608.22697229415,5769876.59682787,
Geocortex.Gis.Geometries.Polygon,9195,,1997,MAR,1997,15,None,158,0.23,0.1532,1600,0,9608.28160003132,5769942.20648395,
Geocortex.Gis.Geometries.Polygon,9196,,1997,MAR,1997,15,None,159,0.23,0.1532,1600,0,9608.33135755579,5770001.96715171,
Geocortex.Gis.Geometries.Polygon,9197,,1997,MAR,1997,15,None,160,0.23,0.1532,1600,0,9608.37811727426,5770058.12764219,
Geocortex.Gis.Geometries.Polygon,9198,,1997,MAR,1997,15,None,161,0.23,0.1532,1600,0,9608.42499403423,5770114.42900846,
Geocortex.Gis.Geometries.Polygon,9199,,1997,MAR,1997,15,None,162,0.23,0.1532,1600,0,9608.47123765434,5770169.97020677,
Geocortex.Gis.Geometries.Polygon,9200,,1997,MAR,1997,15,None,163,0.23,0.1532,1600,0,9608.51296849316,5770220.09150486,
Geocortex.Gis.Geometries.Polygon,9201,,1997,MAR,1997,15,None,164,0.23,0.1532,1600,0,9608.55309554542,5770268.28674602,
Geocortex.Gis.Geometries.Polygon,9202,,1997,MAR,1997,15,None,165,0.23,0.1532,1600,0,9608.59559222583,5770319.32828521,
Geocortex.Gis.Geometries.Polygon,9203,,1997,MAR,1997,15,None,166,0.23,0.1532,1600,0,9608.63630616024,5770368.22885842,
Geocortex.Gis.Geometries.Polygon,9204,,1997,MAR,1997,15,None,167,0.23,0.1532,1600,0,9608.63630616024,5770368.22885842,
Geocortex.Gis.Geometries.Polygon,9892,,1997,MAR,1997,16,None,168,0.23,0.1532,1600,0,9608.63828750859,5770370.60860889,
Geocortex.Gis.Geometries.Polygon,9893,,1997,MAR,1997,16,None,169,0.23,0.1532,1600,0,9608.60169194191,5770326.65448803,
Geocortex.Gis.Geometries.Polygon,9894,,1997,MAR,1997,16,None,170,0.23,0.1532,1600,0,9608.56817350994,5770286.39642103,
Geocortex.Gis.Geometries.Polygon,9895,,1997,MAR,1997,16,None,171,0.23,0.1532,1600,0,9608.53530735925,5770246.92191991,
Geocortex.Gis.Geometries.Polygon,9896,,1997,MAR,1997,16,None,172,0.23,0.1532,1600,0,9608.50022622222,5770204.78722406,
Geocortex.Gis.Geometries.Polygon,9897,,1997,MAR,1997,16,None,173,0.23,0.1532,1600,0,9608.46634701511,5770164.09624342,
Geocortex.Gis.Geometries.Polygon,9898,,1997,MAR,1997,16,None,174,0.23,0.1532,1600,0,9608.42648920703,5770116.22477528,
Geocortex.Gis.Geometries.Polygon,9899,,1997,MAR,1997,16,None,175,0.23,0.1532,1600,0,9608.38862851065,5770070.75212437,
Geocortex.Gis.Geometries.Polygon,9900,,1997,MAR,1997,16,None,176,0.23,0.1532,1600,0,9608.35354184923,5770028.61140047,
Geocortex.Gis.Geometries.Polygon,9901,,1997,MAR,1997,16,None,177,0.23,0.1532,1600,0,9608.30820317307,5769974.15779367,
Geocortex.Gis.Geometries.Polygon,9902,,1997,MAR,1997,16,None,178,0.23,0.1532,1600,0,9608.25379063158,5769908.80643,
Geocortex.Gis.Geometries.Polygon,9903,,1997,MAR,1997,16,None,179,0.23,0.1532,1600,0,9608.19610609671,5769839.52567054,
Geocortex.Gis.Geometries.Polygon,9904,,1997,MAR,1997,16,None,180,0.23,0.1532,1600,0,9608.14642878444,5769779.86216328,
Geocortex.Gis.Geometries.Polygon,9905,,1997,MAR,1997,16,None,181,0.23,0.1532,1600,0,9608.0989168582,5769722.79961618,
Geocortex.Gis.Geometries.Polygon,9906,,1997,MAR,1997,16,None,182,0.23,0.1532,1600,0,9608.05149463752,5769665.84509414,
Geocortex.Gis.Geometries.Polygon,9907,,1997,MAR,1997,16,None,183,0.23,0.1532,1600,0,9608.00320191621,5769607.8453852,
Geocortex.Gis.Geometries.Polygon,9908,,1997,MAR,1997,16,None,184,0.23,0.1532,1600,0,9607.96066735556,5769556.76148122,
Geocortex.Gis.Geometries.Polygon,9909,,1997,MAR,1997,16,None,185,0.23,0.1532,1600,0,9607.91773380229,5769505.19861832,
Geocortex.Gis.Geometries.Polygon,9910,,1997,MAR,1997,16,None,186,0.23,0.1532,1600,0,9607.87604104717,5769455.1261567,
Geocortex.Gis.Geometries.Polygon,9911,,1997,MAR,1997,16,None,187,0.23,0.1532,1600,0,9607.83447476187,5769405.20580685,
Geocortex.Gis.Geometries.Polygon,9912,,1997,MAR,1997,16,None,188,0.23,0.1532,1600,0,9607.79091941969,5769352.89684126,
Geocortex.Gis.Geometries.Polygon,9913,,1997,MAR,1997,16,None,189,0.23,0.1532,1600,0,9607.75164799282,5769305.73295684,
Geocortex.Gis.Geometries.Polygon,9914,,1997,MAR,1997,16,None,190,0.23,0.1532,1600,0,9607.7014826156,5769245.48606142,
Geocortex.Gis.Geometries.Polygon,9915,,1997,MAR,1997,16,None,191,0.23,0.1532,1600,0,9607.65799969089,5769193.26482771,
Geocortex.Gis.Geometries.Polygon,9916,,1997,MAR,1997,16,None,192,0.23,0.1532,1600,0,9607.61206552119,5769138.099978,
Geocortex.Gis.Geometries.Polygon,9917,,1997,MAR,1997,16,None,193,0.23,0.1532,1600,0,9607.57339958732,5769091.66421094,
Geocortex.Gis.Geometries.Polygon,9918,,1997,MAR,1997,16,None,194,0.23,0.1532,1600,0,9607.5379028487,5769049.03460912,
Geocortex.Gis.Geometries.Polygon,9919,,1997,MAR,1997,16,None,195,0.23,0.1532,1600,0,9607.50714333631,5769012.09425205,
Geocortex.Gis.Geometries.Polygon,9920,,1997,MAR,1997,16,None,196,0.23,0.1532,1600,0,9607.4731464221,5768971.2661136,
Geocortex.Gis.Geometries.Polygon,9921,,1997,MAR,1997,16,None,197,0.23,0.1532,1600,0,9607.43977235391,5768931.18609469,
Geocortex.Gis.Geometries.Polygon,9922,,1997,MAR,1997,16,None,198,0.23,0.1532,1600,0,9607.40540994614,5768889.91929081,
Geocortex.Gis.Geometries.Polygon,9923,,1997,MAR,1997,16,None,199,0.23,0.1532,1600,0,9607.37011418193,5768847.53177206,
Geocortex.Gis.Geometries.Polygon,9924,,1997,MAR,1997,16,None,200,0.23,0.1532,1600,0,9607.37011418193,5768847.53177206,
Geocortex.Gis.Geometries.Polygon,10604,,1997,MAR,1997,17,None,1,0.23,0.1532,1600,0,9607.3081665837,5768773.13783911,
Geocortex.Gis.Geometries.Polygon,10605,,1997,MAR,1997,17,None,2,0.23,0.1532,1600,0,9607.34891088329,5768822.06831996,
Geocortex.Gis.Geometries.Polygon,10606,,1997,MAR,1997,17,None,3,0.23,0.1532,1600,0,9607.39554637034,5768878.07387283,
Geocortex.Gis.Geometries.Polygon,10607,,1997,MAR,1997,17,None,4,0.23,0.1532,1600,0,9607.43192854307,5768921.76623417,
Geocortex.Gis.Geometries.Polygon,10608,,1997,MAR,1997,17,None,5,0.23,0.1532,1600,0,9607.46599288336,5768962.67519215,
Geocortex.Gis.Geometries.Polygon,10609,,1997,MAR,1997,17,None,6,0.23,0.1532,1600,0,9607.49989966469,5769003.39504015,
Geocortex.Gis.Geometries.Polygon,10610,,1997,MAR,1997,17,None,7,0.23,0.1532,1600,0,9607.54384328171,5769056.16871224,
Geocortex.Gis.Geometries.Polygon,10611,,1997,MAR,1997,17,None,8,0.23,0.1532,1600,0,9607.58661327732,5769107.53315662,
Geocortex.Gis.Geometries.Polygon,10612,,1997,MAR,1997,17,None,9,0.23,0.1532,1600,0,9607.62986115443,5769159.47172524,
Geocortex.Gis.Geometries.Polygon,10613,,1997,MAR,1997,17,None,10,0.23,0.1532,1600,0,9607.66848294956,5769205.85480187,
Geocortex.Gis.Geometries.Polygon,10614,,1997,MAR,1997,17,None,11,0.23,0.1532,1600,0,9607.7053719149,5769250.15698581,
Geocortex.Gis.Geometries.Polygon,10615,,1997,MAR,1997,17,None,12,0.23,0.1532,1600,0,9607.7484558871,5769301.89937068,
Geocortex.Gis.Geometries.Polygon,10616,,1997,MAR,1997,17,None,13,0.23,0.1532,1600,0,9607.78688216604,5769348.04821909,
Geocortex.Gis.Geometries.Polygon,10617,,1997,MAR,1997,17,None,14,0.23,0.1532,1600,0,9607.82573567473,5769394.71032941,
Geocortex.Gis.Geometries.Polygon,10618,,1997,MAR,1997,17,None,15,0.23,0.1532,1600,0,9607.86758486598,5769444.97040076,
Geocortex.Gis.Geometries.Polygon,10619,,1997,MAR,1997,17,None,16,0.23,0.1532,1600,0,9607.91120036411,5769497.35201676,
Geocortex.Gis.Geometries.Polygon,10620,,1997,MAR,1997,17,None,17,0.23,0.1532,1600,0,9607.95543523789,5769550.47773687,
Geocortex.Gis.Geometries.Polygon,10621,,1997,MAR,1997,17,None,18,0.23,0.1532,1600,0,9608.00120775067,5769605.4504065,
Geocortex.Gis.Geometries.Polygon,10622,,1997,MAR,1997,17,None,19,0.23,0.1532,1600,0,9608.0503073117,5769664.41913961,
Geocortex.Gis.Geometries.Polygon,10623,,1997,MAR,1997,17,None,20,0.23,0.1532,1600,0,9608.09812998401,5769721.85460578,
Geocortex.Gis.Geometries.Polygon,10624,,1997,MAR,1997,17,None,21,0.23,0.1532,1600,0,9608.14058306985,5769772.84139495,
Geocortex.Gis.Geometries.Polygon,10625,,1997,MAR,1997,17,None,22,0.23,0.1532,1600,0,9608.18580584693,5769827.15486439,
Geocortex.Gis.Geometries.Polygon,10626,,1997,MAR,1997,17,None,23,0.23,0.1532,1600,0,9608.23175343305,5769882.3391117,
Geocortex.Gis.Geometries.Polygon,10627,,1997,MAR,1997,17,None,24,0.23,0.1532,1600,0,9608.2825087502,5769943.29787178,
Geocortex.Gis.Geometries.Polygon,10628,,1997,MAR,1997,17,None,25,0.23,0.1532,1600,0,9608.33736473911,5770009.18201735,
Geocortex.Gis.Geometries.Polygon,10629,,1997,MAR,1997,17,None,26,0.23,0.1532,1600,0,9608.38424847403,5770065.49149188,
Geocortex.Gis.Geometries.Polygon,10630,,1997,MAR,1997,17,None,27,0.23,0.1532,1600,0,9608.43433285017,5770125.64540438,
Geocortex.Gis.Geometries.Polygon,10631,,1997,MAR,1997,17,None,28,0.23,0.1532,1600,0,9608.47920622436,5770179.54089524,
Geocortex.Gis.Geometries.Polygon,10632,,1997,MAR,1997,17,None,29,0.23,0.1532,1600,0,9608.52478464457,5770234.28343702,
Geocortex.Gis.Geometries.Polygon,10633,,1997,MAR,1997,17,None,30,0.23,0.1532,1600,0,9608.5639764053,5770281.35540947,
Geocortex.Gis.Geometries.Polygon,10634,,1997,MAR,1997,17,None,31,0.23,0.1532,1600,0,9608.60724045652,5770333.3186976,
Geocortex.Gis.Geometries.Polygon,10635,,1997,MAR,1997,17,None,32,0.23,0.1532,1600,0,9608.64940719516,5770383.96427305,
Geocortex.Gis.Geometries.Polygon,10636,,1997,MAR,1997,17,None,33,0.23,0.1532,1600,0,9608.64940719516,5770383.96427305,
Geocortex.Gis.Geometries.Polygon,11309,,1997,MAR,1997,18,None,163,0.23,0.1532,1600,0,9608.7017547393,5770446.83812475,
Geocortex.Gis.Geometries.Polygon,11310,,1997,MAR,1997,18,None,164,0.23,0.1532,1600,0,9608.66731923705,5770405.47814249,
Geocortex.Gis.Geometries.Polygon,11311,,1997,MAR,1997,18,None,165,0.23,0.1532,1600,0,9608.63064546449,5770361.42996506,
Geocortex.Gis.Geometries.Polygon,11312,,1997,MAR,1997,18,None,166,0.23,0.1532,1600,0,9608.59515365403,5770318.80157565,
Geocortex.Gis.Geometries.Polygon,11313,,1997,MAR,1997,18,None,167,0.23,0.1532,1600,0,9608.55834396907,5770274.59046994,
Geocortex.Gis.Geometries.Polygon,11314,,1997,MAR,1997,18,None,168,0.23,0.1532,1600,0,9608.5210526599,5770229.80106024,
Geocortex.Gis.Geometries.Polygon,11315,,1997,MAR,1997,18,None,169,0.23,0.1532,1600,0,9608.48060898675,5770181.22566116,
Geocortex.Gis.Geometries.Polygon,11316,,1997,MAR,1997,18,None,170,0.23,0.1532,1600,0,9608.43795007777,5770129.98988591,
Geocortex.Gis.Geometries.Polygon,11317,,1997,MAR,1997,18,None,171,0.23,0.1532,1600,0,9608.39277882116,5770075.7368743,
Geocortex.Gis.Geometries.Polygon,11318,,1997,MAR,1997,18,None,172,0.23,0.1532,1600,0,9608.35209227764,5770026.87044363,
Geocortex.Gis.Geometries.Polygon,11319,,1997,MAR,1997,18,None,173,0.23,0.1532,1600,0,9608.30729997898,5769973.07306099,
Geocortex.Gis.Geometries.Polygon,11320,,1997,MAR,1997,18,None,174,0.23,0.1532,1600,0,9608.26417399104,5769921.27722275,
Geocortex.Gis.Geometries.Polygon,11321,,1997,MAR,1997,18,None,175,0.23,0.1532,1600,0,9608.2226218652,5769871.37185801,
Geocortex.Gis.Geometries.Polygon,11322,,1997,MAR,1997,18,None,176,0.23,0.1532,1600,0,9608.18481537485,5769825.9653053,
Geocortex.Gis.Geometries.Polygon,11323,,1997,MAR,1997,18,None,177,0.23,0.1532,1600,0,9608.14772498719,5769781.41898411,
Geocortex.Gis.Geometries.Polygon,11324,,1997,MAR,1997,18,None,178,0.23,0.1532,1600,0,9608.11099837888,5769737.30974129,
Geocortex.Gis.Geometries.Polygon,11325,,1997,MAR,1997,18,None,179,0.23,0.1532,1600,0,9608.06919121078,5769687.09885817,
Geocortex.Gis.Geometries.Polygon,11326,,1997,MAR,1997,18,None,180,0.23,0.1532,1600,0,9608.02787007786,5769637.47190825,
Geocortex.Gis.Geometries.Polygon,11327,,1997,MAR,1997,18,None,181,0.23,0.1532,1600,0,9607.98537631385,5769586.43683784,
Geocortex.Gis.Geometries.Polygon,11328,,1997,MAR,1997,18,None,182,0.23,0.1532,1600,0,9607.94412077069,5769536.88910586,
Geocortex.Gis.Geometries.Polygon,11329,,1997,MAR,1997,18,None,183,0.23,0.1532,1600,0,9607.90545223399,5769490.44855205,
Geocortex.Gis.Geometries.Polygon,11330,,1997,MAR,1997,18,None,184,0.23,0.1532,1600,0,9607.86372680088,5769440.33688682,
Geocortex.Gis.Geometries.Polygon,11331,,1997,MAR,1997,18,None,185,0.23,0.1532,1600,0,9607.82667592656,5769395.83950982,
Geocortex.Gis.Geometries.Polygon,11332,,1997,MAR,1997,18,None,186,0.23,0.1532,1600,0,9607.79141399286,5769353.49080893,
Geocortex.Gis.Geometries.Polygon,11333,,1997,MAR,1997,18,None,187,0.23,0.1532,1600,0,9607.75209197599,5769306.26622157,
Geocortex.Gis.Geometries.Polygon,11334,,1997,MAR,1997,18,None,188,0.23,0.1532,1600,0,9607.71387966926,5769260.37452096,
Geocortex.Gis.Geometries.Polygon,11335,,1997,MAR,1997,18,None,189,0.23,0.1532,1600,0,9607.67735469568,5769216.50941401,
Geocortex.Gis.Geometries.Polygon,11336,,1997,MAR,1997,18,None,190,0.23,0.1532,1600,0,9607.63993638187,5769171.57160656,
Geocortex.Gis.Geometries.Polygon,11337,,1997,MAR,1997,18,None,191,0.23,0.1532,1600,0,9607.59070196129,5769112.44343858,
Geocortex.Gis.Geometries.Polygon,11338,,1997,MAR,1997,18,None,192,0.23,0.1532,1600,0,9607.53910272385,5769050.47555004,
Geocortex.Gis.Geometries.Polygon,11339,,1997,MAR,1997,18,None,193,0.23,0.1532,1600,0,9607.49104589748,5768992.76221504,
Geocortex.Gis.Geometries.Polygon,11340,,1997,MAR,1997,18,None,194,0.23,0.1532,1600,0,9607.4569767498,5768951.8474202,
Geocortex.Gis.Geometries.Polygon,11341,,1997,MAR,1997,18,None,195,0.23,0.1532,1600,0,9607.42397979614,5768912.22035743,
Geocortex.Gis.Geometries.Polygon,11342,,1997,MAR,1997,18,None,196,0.23,0.1532,1600,0,9607.42397979614,5768912.22035743,
Geocortex.Gis.Geometries.Polygon,11960,,1997,MAR,1997,19,None,131,0.23,0.1532,1600,0,9607.42403616555,5768912.28805347,
Geocortex.Gis.Geometries.Polygon,11961,,1997,MAR,1997,19,None,132,0.23,0.1532,1600,0,9607.45859050757,5768953.78542446,
Geocortex.Gis.Geometries.Polygon,11962,,1997,MAR,1997,19,None,133,0.23,0.1532,1600,0,9607.49414754911,5768996.48709413,
Geocortex.Gis.Geometries.Polygon,11963,,1997,MAR,1997,19,None,134,0.23,0.1532,1600,0,9607.54611511471,5769058.89704006,
Geocortex.Gis.Geometries.Polygon,11964,,1997,MAR,1997,19,None,135,0.23,0.1532,1600,0,9607.59714168917,5769120.17723568,
Geocortex.Gis.Geometries.Polygon,11965,,1997,MAR,1997,19,None,136,0.23,0.1532,1600,0,9607.64441088735,5769176.94530092,
Geocortex.Gis.Geometries.Polygon,11966,,1997,MAR,1997,19,None,137,0.23,0.1532,1600,0,9607.68009765778,5769219.80360511,
Geocortex.Gis.Geometries.Polygon,11967,,1997,MAR,1997,19,None,138,0.23,0.1532,1600,0,9607.71521669517,5769261.98023635,
Geocortex.Gis.Geometries.Polygon,11968,,1997,MAR,1997,19,None,139,0.23,0.1532,1600,0,9607.75097014444,5769304.91893191,
Geocortex.Gis.Geometries.Polygon,11969,,1997,MAR,1997,19,None,140,0.23,0.1532,1600,0,9607.7897997929,5769351.55220462,
Geocortex.Gis.Geometries.Polygon,11970,,1997,MAR,1997,19,None,141,0.23,0.1532,1600,0,9607.83010107195,5769399.95306369,
Geocortex.Gis.Geometries.Polygon,11971,,1997,MAR,1997,19,None,142,0.23,0.1532,1600,0,9607.87154130548,5769449.72201183,
Geocortex.Gis.Geometries.Polygon,11972,,1997,MAR,1997,19,None,143,0.23,0.1532,1600,0,9607.91534763785,5769502.33284139,
Geocortex.Gis.Geometries.Polygon,11973,,1997,MAR,1997,19,None,144,0.23,0.1532,1600,0,9607.95855345884,5769554.22269702,
Geocortex.Gis.Geometries.Polygon,11974,,1997,MAR,1997,19,None,145,0.23,0.1532,1600,0,9608.0030598917,5769607.67482149,
Geocortex.Gis.Geometries.Polygon,11975,,1997,MAR,1997,19,None,146,0.23,0.1532,1600,0,9608.04887812827,5769662.70268166,
Geocortex.Gis.Geometries.Polygon,11976,,1997,MAR,1997,19,None,147,0.23,0.1532,1600,0,9608.09612307537,5769719.44430523,
Geocortex.Gis.Geometries.Polygon,11977,,1997,MAR,1997,19,None,148,0.23,0.1532,1600,0,9608.13609303712,5769767.44880475,
Geocortex.Gis.Geometries.Polygon,11978,,1997,MAR,1997,19,None,149,0.23,0.1532,1600,0,9608.17525562268,5769814.4838229,
Geocortex.Gis.Geometries.Polygon,11979,,1997,MAR,1997,19,None,150,0.23,0.1532,1600,0,9608.21803244438,5769865.85982083,
Geocortex.Gis.Geometries.Polygon,11980,,1997,MAR,1997,19,None,151,0.23,0.1532,1600,0,9608.26346898316,5769920.43047698,
Geocortex.Gis.Geometries.Polygon,11981,,1997,MAR,1997,19,None,152,0.23,0.1532,1600,0,9608.31002316477,5769976.34371482,
Geocortex.Gis.Geometries.Polygon,11982,,1997,MAR,1997,19,None,153,0.23,0.1532,1600,0,9608.35514860506,5770030.5412375,
Geocortex.Gis.Geometries.Polygon,11983,,1997,MAR,1997,19,None,154,0.23,0.1532,1600,0,9608.4015357345,5770086.25435654,
Geocortex.Gis.Geometries.Polygon,11984,,1997,MAR,1997,19,None,155,0.23,0.1532,1600,0,9608.45032839487,5770144.8569148,
Geocortex.Gis.Geometries.Polygon,11985,,1997,MAR,1997,19,None,156,0.23,0.1532,1600,0,9608.50007348467,5770204.60370387,
Geocortex.Gis.Geometries.Polygon,11986,,1997,MAR,1997,19,None,157,0.23,0.1532,1600,0,9608.53876414652,5770251.07374128,
Geocortex.Gis.Geometries.Polygon,11987,,1997,MAR,1997,19,None,158,0.23,0.1532,1600,0,9608.57732545806,5770297.38859832,
Geocortex.Gis.Geometries.Polygon,11988,,1997,MAR,1997,19,None,159,0.23,0.1532,1600,0,9608.61606047489,5770343.91225931,
Geocortex.Gis.Geometries.Polygon,11989,,1997,MAR,1997,19,None,160,0.23,0.1532,1600,0,9608.65636751156,5770392.32421548,
Geocortex.Gis.Geometries.Polygon,11990,,1997,MAR,1997,19,None,161,0.23,0.1532,1600,0,9608.69498109157,5770438.70238516,
Geocortex.Gis.Geometries.Polygon,11991,,1997,MAR,1997,19,None,162,0.23,0.1532,1600,0,9608.69498109157,5770438.70238516,
Geocortex.Gis.Geometries.Polygon,12601,,1997,MAR,1997,20,None,102,0.23,0.1532,1600,0,9608.64986391204,5770384.51286094,
Geocortex.Gis.Geometries.Polygon,12602,,1997,MAR,1997,20,None,103,0.23,0.1532,1600,0,9608.60537763227,5770331.08134439,
Geocortex.Gis.Geometries.Polygon,12603,,1997,MAR,1997,20,None,104,0.23,0.1532,1600,0,9608.56527861349,5770282.91946776,
Geocortex.Gis.Geometries.Polygon,12604,,1997,MAR,1997,20,None,105,0.23,0.1532,1600,0,9608.52544478364,5770235.07627923,
Geocortex.Gis.Geometries.Polygon,12605,,1997,MAR,1997,20,None,106,0.23,0.1532,1600,0,9608.4822921714,5770183.24724368,
Geocortex.Gis.Geometries.Polygon,12606,,1997,MAR,1997,20,None,107,0.23,0.1532,1600,0,9608.43048538381,5770121.02436624,
Geocortex.Gis.Geometries.Polygon,12607,,1997,MAR,1997,20,None,108,0.23,0.1532,1600,0,9608.37992455898,5770060.29828243,
Geocortex.Gis.Geometries.Polygon,12608,,1997,MAR,1997,20,None,109,0.23,0.1532,1600,0,9608.33177208789,5770002.46502527,
Geocortex.Gis.Geometries.Polygon,12609,,1997,MAR,1997,20,None,110,0.23,0.1532,1600,0,9608.27875006482,5769938.78354502,
Geocortex.Gis.Geometries.Polygon,12610,,1997,MAR,1997,20,None,111,0.23,0.1532,1600,0,9608.22535171287,5769874.65042625,
Geocortex.Gis.Geometries.Polygon,12611,,1997,MAR,1997,20,None,112,0.23,0.1532,1600,0,9608.17936630168,5769819.4208122,
Geocortex.Gis.Geometries.Polygon,12612,,1997,MAR,1997,20,None,113,0.23,0.1532,1600,0,9608.13377890251,5769764.66947477,
Geocortex.Gis.Geometries.Polygon,12613,,1997,MAR,1997,20,None,114,0.23,0.1532,1600,0,9608.08762275038,5769709.23530308,
Geocortex.Gis.Geometries.Polygon,12614,,1997,MAR,1997,20,None,115,0.23,0.1532,1600,0,9608.03816584511,5769649.83717037,
Geocortex.Gis.Geometries.Polygon,12615,,1997,MAR,1997,20,None,116,0.23,0.1532,1600,0,9607.98837801097,5769590.04189638,
Geocortex.Gis.Geometries.Polygon,12616,,1997,MAR,1997,20,None,117,0.23,0.1532,1600,0,9607.94366641344,5769536.34345901,
Geocortex.Gis.Geometries.Polygon,12617,,1997,MAR,1997,20,None,118,0.23,0.1532,1600,0,9607.9026387187,5769487.06959405,
Geocortex.Gis.Geometries.Polygon,12618,,1997,MAR,1997,20,None,119,0.23,0.1532,1600,0,9607.86133693507,5769437.46675995,
Geocortex.Gis.Geometries.Polygon,12619,,1997,MAR,1997,20,None,120,0.23,0.1532,1600,0,9607.82105486169,5769389.08879627,
Geocortex.Gis.Geometries.Polygon,12620,,1997,MAR,1997,20,None,121,0.23,0.1532,1600,0,9607.78042623138,5769340.29482797,
Geocortex.Gis.Geometries.Polygon,12621,,1997,MAR,1997,20,None,122,0.23,0.1532,1600,0,9607.74288662661,5769295.21088429,
Geocortex.Gis.Geometries.Polygon,12622,,1997,MAR,1997,20,None,123,0.23,0.1532,1600,0,9607.70594915321,5769250.85026092,
Geocortex.Gis.Geometries.Polygon,12623,,1997,MAR,1997,20,None,124,0.23,0.1532,1600,0,9607.67518451158,5769213.90313171,
Geocortex.Gis.Geometries.Polygon,12624,,1997,MAR,1997,20,None,125,0.23,0.1532,1600,0,9607.64113775676,5769173.0144403,
Geocortex.Gis.Geometries.Polygon,12625,,1997,MAR,1997,20,None,126,0.23,0.1532,1600,0,9607.59881861019,5769122.19114388,
Geocortex.Gis.Geometries.Polygon,12626,,1997,MAR,1997,20,None,127,0.23,0.1532,1600,0,9607.5557330534,5769070.44765075,
Geocortex.Gis.Geometries.Polygon,12627,,1997,MAR,1997,20,None,128,0.23,0.1532,1600,0,9607.50827355348,5769013.45152592,
Geocortex.Gis.Geometries.Polygon,12628,,1997,MAR,1997,20,None,129,0.23,0.1532,1600,0,9607.47201637639,5768969.90896632,
Geocortex.Gis.Geometries.Polygon,12629,,1997,MAR,1997,20,None,130,0.23,0.1532,1600,0,9607.47201637639,5768969.90896632,
Geocortex.Gis.Geometries.Polygon,13145,,1997,MAR,1997,21,None,73,0.23,0.1532,1600,0,9607.52838202334,5769037.6006217,
Geocortex.Gis.Geometries.Polygon,13146,,1997,MAR,1997,21,None,74,0.23,0.1532,1600,0,9607.57749626675,5769096.58410052,
Geocortex.Gis.Geometries.Polygon,13147,,1997,MAR,1997,21,None,75,0.23,0.1532,1600,0,9607.62097018789,5769148.79410635,
Geocortex.Gis.Geometries.Polygon,13148,,1997,MAR,1997,21,None,76,0.23,0.1532,1600,0,9607.66052630644,5769196.29922328,
Geocortex.Gis.Geometries.Polygon,13149,,1997,MAR,1997,21,None,77,0.23,0.1532,1600,0,9607.69757280539,5769240.79056991,
Geocortex.Gis.Geometries.Polygon,13150,,1997,MAR,1997,21,None,78,0.23,0.1532,1600,0,9607.73604509202,5769286.9944123,
Geocortex.Gis.Geometries.Polygon,13151,,1997,MAR,1997,21,None,79,0.23,0.1532,1600,0,9607.77685146202,5769336.0016224,
Geocortex.Gis.Geometries.Polygon,13152,,1997,MAR,1997,21,None,80,0.23,0.1532,1600,0,9607.81749629012,5769384.81502761,
Geocortex.Gis.Geometries.Polygon,13153,,1997,MAR,1997,21,None,81,0.23,0.1532,1600,0,9607.85950160198,5769435.26255649,
Geocortex.Gis.Geometries.Polygon,13154,,1997,MAR,1997,21,None,82,0.23,0.1532,1600,0,9607.90234924933,5769486.72194527,
Geocortex.Gis.Geometries.Polygon,13155,,1997,MAR,1997,21,None,83,0.23,0.1532,1600,0,9607.94668571775,5769539.96962382,
Geocortex.Gis.Geometries.Polygon,13156,,1997,MAR,1997,21,None,84,0.23,0.1532,1600,0,9607.99145001624,5769593.73137016,
Geocortex.Gis.Geometries.Polygon,13157,,1997,MAR,1997,21,None,85,0.23,0.1532,1600,0,9608.0395944213,5769651.552893,
Geocortex.Gis.Geometries.Polygon,13158,,1997,MAR,1997,21,None,86,0.23,0.1532,1600,0,9608.08465756134,5769705.67407228,
Geocortex.Gis.Geometries.Polygon,13159,,1997,MAR,1997,21,None,87,0.23,0.1532,1600,0,9608.12902752393,5769758.96298401,
Geocortex.Gis.Geometries.Polygon,13160,,1997,MAR,1997,21,None,88,0.23,0.1532,1600,0,9608.16902819717,5769807.00451138,
Geocortex.Gis.Geometries.Polygon,13161,,1997,MAR,1997,21,None,89,0.23,0.1532,1600,0,9608.20834052995,5769854.21951781,
Geocortex.Gis.Geometries.Polygon,13162,,1997,MAR,1997,21,None,90,0.23,0.1532,1600,0,9608.25452108584,5769909.68370341,
Geocortex.Gis.Geometries.Polygon,13163,,1997,MAR,1997,21,None,91,0.23,0.1532,1600,0,9608.30530389229,5769970.67565401,
Geocortex.Gis.Geometries.Polygon,13164,,1997,MAR,1997,21,None,92,0.23,0.1532,1600,0,9608.35543433592,5770030.88439964,
Geocortex.Gis.Geometries.Polygon,13165,,1997,MAR,1997,21,None,93,0.23,0.1532,1600,0,9608.40092337512,5770085.51886716,
Geocortex.Gis.Geometries.Polygon,13166,,1997,MAR,1997,21,None,94,0.23,0.1532,1600,0,9608.44879780142,5770143.01857292,
Geocortex.Gis.Geometries.Polygon,13167,,1997,MAR,1997,21,None,95,0.23,0.1532,1600,0,9608.49437041925,5770197.75395328,
Geocortex.Gis.Geometries.Polygon,13168,,1997,MAR,1997,21,None,96,0.23,0.1532,1600,0,9608.53198337129,5770242.92956594,
Geocortex.Gis.Geometries.Polygon,13169,,1997,MAR,1997,21,None,97,0.23,0.1532,1600,0,9608.567505922,5770285.59462668,
Geocortex.Gis.Geometries.Polygon,13170,,1997,MAR,1997,21,None,98,0.23,0.1532,1600,0,9608.60447695995,5770329.99956915,
Geocortex.Gis.Geometries.Polygon,13171,,1997,MAR,1997,21,None,99,0.23,0.1532,1600,0,9608.60447695995,5770329.99956915,
Geocortex.Gis.Geometries.Polygon,13681,,1997,MAR,1997,22,None,194,0.23,0.1532,1600,0,9607.55284382073,5769066.97767881,
Geocortex.Gis.Geometries.Polygon,13682,,1997,MAR,1997,22,None,195,0.23,0.1532,1600,0,9607.59846067255,5769121.76105293,
Geocortex.Gis.Geometries.Polygon,13683,,1997,MAR,1997,22,None,196,0.23,0.1532,1600,0,9607.64462944215,5769177.20758845,
Geocortex.Gis.Geometries.Polygon,13684,,1997,MAR,1997,22,None,197,0.23,0.1532,1600,0,9607.69050743801,5769232.30517272,
Geocortex.Gis.Geometries.Polygon,13685,,1997,MAR,1997,22,None,198,0.23,0.1532,1600,0,9607.7363406616,5769287.34926233,
Geocortex.Gis.Geometries.Polygon,13686,,1997,MAR,1997,22,None,199,0.23,0.1532,1600,0,9607.77310695318,5769331.50450889,
Geocortex.Gis.Geometries.Polygon,13687,,1997,MAR,1997,22,None,200,0.23,0.1532,1600,0,9607.80994221174,5769375.74272503,
Geocortex.Gis.Geometries.Polygon,13688,,1997,MAR,1997,22,None,201,0.23,0.1532,1600,0,9607.8478965847,5769421.32512879,
Geocortex.Gis.Geometries.Polygon,13689,,1997,MAR,1997,22,None,202,0.23,0.1532,1600,0,9607.89155524821,5769473.75847139,
Geocortex.Gis.Geometries.Polygon,13690,,1997,MAR,1997,22,None,203,0.23,0.1532,1600,0,9607.93680697729,5769528.10530194,
Geocortex.Gis.Geometries.Polygon,13691,,1997,MAR,1997,22,None,204,0.23,0.1532,1600,0,9607.97972141687,5769579.64530884,
Geocortex.Gis.Geometries.Polygon,13692,,1997,MAR,1997,22,None,205,0.23,0.1532,1600,0,9608.02661973739,5769635.97021548,
Geocortex.Gis.Geometries.Polygon,13693,,1997,MAR,1997,22,None,206,0.23,0.1532,1600,0,9608.07410398643,5769692.99910149,
Geocortex.Gis.Geometries.Polygon,13694,,1997,MAR,1997,22,None,207,0.23,0.1532,1600,0,9608.11920168916,5769747.16198468,
Geocortex.Gis.Geometries.Polygon,13695,,1997,MAR,1997,22,None,208,0.23,0.1532,1600,0,9608.15409123467,5769789.06491893,
Geocortex.Gis.Geometries.Polygon,13696,,1997,MAR,1997,22,None,209,0.23,0.1532,1600,0,9608.18981087293,5769831.96495063,
Geocortex.Gis.Geometries.Polygon,13697,,1997,MAR,1997,22,None,210,0.23,0.1532,1600,0,9608.2259233859,5769875.33700075,
Geocortex.Gis.Geometries.Polygon,13698,,1997,MAR,1997,22,None,211,0.23,0.1532,1600,0,9608.27199212795,5769930.66700561,
Geocortex.Gis.Geometries.Polygon,13699,,1997,MAR,1997,22,None,212,0.23,0.1532,1600,0,9608.31845829541,5769986.47459685,
Geocortex.Gis.Geometries.Polygon,13700,,1997,MAR,1997,22,None,213,0.23,0.1532,1600,0,9608.31845829541,5769986.47459685,
Geocortex.Gis.Geometries.Polygon,14159,,1997,MAR,1997,23,None,56,0.23,0.1532,1600,0,9608.2466794939,5769900.26571217,
Geocortex.Gis.Geometries.Polygon,14160,,1997,MAR,1997,23,None,57,0.23,0.1532,1600,0,9608.20410512976,5769849.13269863,
Geocortex.Gis.Geometries.Polygon,14161,,1997,MAR,1997,23,None,58,0.23,0.1532,1600,0,9608.17301070877,5769811.78757493,
Geocortex.Gis.Geometries.Polygon,14162,,1997,MAR,1997,23,None,59,0.23,0.1532,1600,0,9608.1385407532,5769770.38849503,
Geocortex.Gis.Geometries.Polygon,14163,,1997,MAR,1997,23,None,60,0.23,0.1532,1600,0,9608.09731401172,5769720.87456394,
Geocortex.Gis.Geometries.Polygon,14164,,1997,MAR,1997,23,None,61,0.23,0.1532,1600,0,9608.05081495934,5769665.02876202,
Geocortex.Gis.Geometries.Polygon,14165,,1997,MAR,1997,23,None,62,0.23,0.1532,1600,0,9608.00398749493,5769608.7888101,
Geocortex.Gis.Geometries.Polygon,14166,,1997,MAR,1997,23,None,63,0.23,0.1532,1600,0,9607.95635656611,5769551.58418636,
Geocortex.Gis.Geometries.Polygon,14167,,1997,MAR,1997,23,None,64,0.23,0.1532,1600,0,9607.91041232273,5769496.40556809,
Geocortex.Gis.Geometries.Polygon,14168,,1997,MAR,1997,23,None,65,0.23,0.1532,1600,0,9607.86119631631,5769437.29784847,
Geocortex.Gis.Geometries.Polygon,14169,,1997,MAR,1997,23,None,66,0.23,0.1532,1600,0,9607.82289187854,5769391.29496584,
Geocortex.Gis.Geometries.Polygon,14170,,1997,MAR,1997,23,None,67,0.23,0.1532,1600,0,9607.78777900708,5769349.12518927,
Geocortex.Gis.Geometries.Polygon,14171,,1997,MAR,1997,23,None,68,0.23,0.1532,1600,0,9607.7536259563,5769308.1082409,
Geocortex.Gis.Geometries.Polygon,14172,,1997,MAR,1997,23,None,69,0.23,0.1532,1600,0,9607.70142124688,5769245.41215642,
Geocortex.Gis.Geometries.Polygon,14173,,1997,MAR,1997,23,None,70,0.23,0.1532,1600,0,9607.64559132469,5769178.36270434,
Geocortex.Gis.Geometries.Polygon,14174,,1997,MAR,1997,23,None,71,0.23,0.1532,1600,0,9607.59117664117,5769113.0132501,
Geocortex.Gis.Geometries.Polygon,14175,,1997,MAR,1997,23,None,72,0.23,0.1532,1600,0,9607.59117664117,5769113.0132501,
Geocortex.Gis.Geometries.Polygon,14607,,1997,MAR,1997,24,None,43,0.23,0.1532,1600,0,9607.7199249304,5769267.63455005,
Geocortex.Gis.Geometries.Polygon,14608,,1997,MAR,1997,24,None,44,0.23,0.1532,1600,0,9607.76849347692,5769325.96377715,
Geocortex.Gis.Geometries.Polygon,14609,,1997,MAR,1997,24,None,45,0.23,0.1532,1600,0,9607.79953734529,5769363.24670833,
Geocortex.Gis.Geometries.Polygon,14610,,1997,MAR,1997,24,None,46,0.23,0.1532,1600,0,9607.82989873723,5769399.71008518,
Geocortex.Gis.Geometries.Polygon,14611,,1997,MAR,1997,24,None,47,0.23,0.1532,1600,0,9607.86860758312,5769446.19869226,
Geocortex.Gis.Geometries.Polygon,14612,,1997,MAR,1997,24,None,48,0.23,0.1532,1600,0,9607.91309503286,5769499.62749376,
Geocortex.Gis.Geometries.Polygon,14613,,1997,MAR,1997,24,None,49,0.23,0.1532,1600,0,9607.95873203921,5769554.43714728,
Geocortex.Gis.Geometries.Polygon,14614,,1997,MAR,1997,24,None,50,0.23,0.1532,1600,0,9608.00183916215,5769606.20869777,
Geocortex.Gis.Geometries.Polygon,14615,,1997,MAR,1997,24,None,51,0.23,0.1532,1600,0,9608.04908323415,5769662.94898457,
Geocortex.Gis.Geometries.Polygon,14616,,1997,MAR,1997,24,None,52,0.23,0.1532,1600,0,9608.09323026327,5769715.96996254,
Geocortex.Gis.Geometries.Polygon,14617,,1997,MAR,1997,24,None,53,0.23,0.1532,1600,0,9608.1295055992,5769759.53715418,
Geocortex.Gis.Geometries.Polygon,14618,,1997,MAR,1997,24,None,54,0.23,0.1532,1600,0,9608.16273233293,5769799.44308616,
Geocortex.Gis.Geometries.Polygon,14619,,1997,MAR,1997,24,None,55,0.23,0.1532,1600,0,9608.16273233293,5769799.44308616,
Geocortex.Gis.Geometries.Polygon,15107,,1997,MAR,1997,25,None,28,0.23,0.1532,1600,0,9608.23176407485,5769882.35189003,
Geocortex.Gis.Geometries.Polygon,15108,,1997,MAR,1997,25,None,29,0.23,0.1532,1600,0,9608.19614280093,5769839.56979069,
Geocortex.Gis.Geometries.Polygon,15109,,1997,MAR,1997,25,None,30,0.23,0.1532,1600,0,9608.16497762855,5769802.13971362,
Geocortex.Gis.Geometries.Polygon,15110,,1997,MAR,1997,25,None,31,0.23,0.1532,1600,0,9608.13184963552,5769762.35236578,
Geocortex.Gis.Geometries.Polygon,15111,,1997,MAR,1997,25,None,32,0.23,0.1532,1600,0,9608.09808759023,5769721.8036437,
Geocortex.Gis.Geometries.Polygon,15112,,1997,MAR,1997,25,None,33,0.23,0.1532,1600,0,9608.05593379531,5769671.17654036,
Geocortex.Gis.Geometries.Polygon,15113,,1997,MAR,1997,25,None,34,0.23,0.1532,1600,0,9608.01440850622,5769621.30449602,
Geocortex.Gis.Geometries.Polygon,15114,,1997,MAR,1997,25,None,35,0.23,0.1532,1600,0,9607.97050112145,5769568.57177066,
Geocortex.Gis.Geometries.Polygon,15115,,1997,MAR,1997,25,None,36,0.23,0.1532,1600,0,9607.93136623397,5769521.57102294,
Geocortex.Gis.Geometries.Polygon,15116,,1997,MAR,1997,25,None,37,0.23,0.1532,1600,0,9607.89123977799,5769473.37961993,
Geocortex.Gis.Geometries.Polygon,15117,,1997,MAR,1997,25,None,38,0.23,0.1532,1600,0,9607.85218668263,5769426.47749353,
Geocortex.Gis.Geometries.Polygon,15118,,1997,MAR,1997,25,None,39,0.23,0.1532,1600,0,9607.82225642761,5769390.53184393,
Geocortex.Gis.Geometries.Polygon,15119,,1997,MAR,1997,25,None,40,0.23,0.1532,1600,0,9607.79464347379,5769357.36928551,
Geocortex.Gis.Geometries.Polygon,15120,,1997,MAR,1997,25,None,41,0.23,0.1532,1600,0,9607.76695398289,5769324.11488846,
Geocortex.Gis.Geometries.Polygon,15121,,1997,MAR,1997,25,None,42,0.23,0.1532,1600,0,9607.76695398289,5769324.11488846,
Geocortex.Gis.Geometries.Polygon,15529,,1997,MAR,1997,26,None,1,0.23,0.1532,1600,0,9608.25776824138,5769913.58368187,
Geocortex.Gis.Geometries.Polygon,15530,,1997,MAR,1997,26,None,2,0.23,0.1532,1600,0,9608.22459470154,5769873.74127372,
Geocortex.Gis.Geometries.Polygon,15531,,1997,MAR,1997,26,None,3,0.23,0.1532,1600,0,9608.1938311636,5769836.79346949,
Geocortex.Gis.Geometries.Polygon,15532,,1997,MAR,1997,26,None,4,0.23,0.1532,1600,0,9608.16213414691,5769798.72463683,
Geocortex.Gis.Geometries.Polygon,15533,,1997,MAR,1997,26,None,5,0.23,0.1532,1600,0,9608.13047180657,5769760.69757626,
Geocortex.Gis.Geometries.Polygon,15534,,1997,MAR,1997,26,None,6,0.23,0.1532,1600,0,9608.09833938873,5769722.10607699,
Geocortex.Gis.Geometries.Polygon,15535,,1997,MAR,1997,26,None,7,0.23,0.1532,1600,0,9608.06170658262,5769678.10971945,
Geocortex.Gis.Geometries.Polygon,15536,,1997,MAR,1997,26,None,8,0.23,0.1532,1600,0,9608.02265382612,5769631.2071672,
Geocortex.Gis.Geometries.Polygon,15537,,1997,MAR,1997,26,None,9,0.23,0.1532,1600,0,9607.98309423696,5769583.69609809,
Geocortex.Gis.Geometries.Polygon,15538,,1997,MAR,1997,26,None,10,0.23,0.1532,1600,0,9607.947485425,5769540.9300765,
Geocortex.Gis.Geometries.Polygon,15539,,1997,MAR,1997,26,None,11,0.23,0.1532,1600,0,9607.91116091083,5769497.30465242,
Geocortex.Gis.Geometries.Polygon,15540,,1997,MAR,1997,26,None,12,0.23,0.1532,1600,0,9607.87388213324,5769452.53333087,
Geocortex.Gis.Geometries.Polygon,15541,,1997,MAR,1997,26,None,13,0.23,0.1532,1600,0,9607.83787500641,5769409.28940596,
Geocortex.Gis.Geometries.Polygon,15542,,1997,MAR,1997,26,None,14,0.23,0.1532,1600,0,9607.80833634089,5769373.81410474,
Geocortex.Gis.Geometries.Polygon,15543,,1997,MAR,1997,26,None,15,0.23,0.1532,1600,0,9607.78005191816,5769339.8452078,
Geocortex.Gis.Geometries.Polygon,15544,,1997,MAR,1997,26,None,16,0.23,0.1532,1600,0,9607.74503471344,5769297.79055878,
Geocortex.Gis.Geometries.Polygon,15545,,1997,MAR,1997,26,None,17,0.23,0.1532,1600,0,9607.74503471344,5769297.79055878,
Geocortex.Gis.Geometries.Polygon,15952,,1997,MAR,1997,27,None,15,0.23,0.1532,1600,0,9607.73655655287,5769287.60855075,
Geocortex.Gis.Geometries.Polygon,15953,,1997,MAR,1997,27,None,16,0.23,0.1532,1600,0,9607.77158225883,5769329.67335919,
Geocortex.Gis.Geometries.Polygon,15954,,1997,MAR,1997,27,None,17,0.23,0.1532,1600,0,9607.80786223106,5769373.24467295,
Geocortex.Gis.Geometries.Polygon,15955,,1997,MAR,1997,27,None,18,0.23,0.1532,1600,0,9607.84299051242,5769415.43297196,
Geocortex.Gis.Geometries.Polygon,15956,,1997,MAR,1997,27,None,19,0.23,0.1532,1600,0,9607.88383083409,5769464.48153967,
Geocortex.Gis.Geometries.Polygon,15957,,1997,MAR,1997,27,None,20,0.23,0.1532,1600,0,9607.9233104516,5769511.89612435,
Geocortex.Gis.Geometries.Polygon,15958,,1997,MAR,1997,27,None,21,0.23,0.1532,1600,0,9607.96833432011,5769565.96950682,
Geocortex.Gis.Geometries.Polygon,15959,,1997,MAR,1997,27,None,22,0.23,0.1532,1600,0,9608.01005813547,5769616.07973965,
Geocortex.Gis.Geometries.Polygon,15960,,1997,MAR,1997,27,None,23,0.23,0.1532,1600,0,9608.05339034682,5769668.1218773,
Geocortex.Gis.Geometries.Polygon,15961,,1997,MAR,1997,27,None,24,0.23,0.1532,1600,0,9608.09493078135,5769718.0122997,
Geocortex.Gis.Geometries.Polygon,15962,,1997,MAR,1997,27,None,25,0.23,0.1532,1600,0,9608.13207346667,5769762.62120605,
Geocortex.Gis.Geometries.Polygon,15963,,1997,MAR,1997,27,None,26,0.23,0.1532,1600,0,9608.16621040293,5769803.62031216,
Geocortex.Gis.Geometries.Polygon,15964,,1997,MAR,1997,27,None,27,0.23,0.1532,1600,0,9608.16621040293,5769803.62031216,
Geocortex.Gis.Geometries.Polygon,16204,,1997,MAR,1997,28,None,1,0.23,0.1532,1600,0,9608.20319841785,5769848.04377027,
Geocortex.Gis.Geometries.Polygon,16205,,1997,MAR,1997,28,None,2,0.23,0.1532,1600,0,9608.16846250988,5769806.32514451,
Geocortex.Gis.Geometries.Polygon,16206,,1997,MAR,1997,28,None,3,0.23,0.1532,1600,0,9608.13616108194,5769767.53050024,
Geocortex.Gis.Geometries.Polygon,16207,,1997,MAR,1997,28,None,4,0.23,0.1532,1600,0,9608.10298739508,5769727.68838065,
Geocortex.Gis.Geometries.Polygon,16208,,1997,MAR,1997,28,None,5,0.23,0.1532,1600,0,9608.06014686933,5769676.23649625,
Geocortex.Gis.Geometries.Polygon,16209,,1997,MAR,1997,28,None,6,0.23,0.1532,1600,0,9608.02031669512,5769628.40028432,
Geocortex.Gis.Geometries.Polygon,16210,,1997,MAR,1997,28,None,7,0.23,0.1532,1600,0,9607.97758455829,5769577.07901692,
Geocortex.Gis.Geometries.Polygon,16211,,1997,MAR,1997,28,None,8,0.23,0.1532,1600,0,9607.94024132216,5769532.22997236,
Geocortex.Gis.Geometries.Polygon,16212,,1997,MAR,1997,28,None,9,0.23,0.1532,1600,0,9607.90361951774,5769488.24751995,
Geocortex.Gis.Geometries.Polygon,16213,,1997,MAR,1997,28,None,10,0.23,0.1532,1600,0,9607.864382867,5769441.12484718,
Geocortex.Gis.Geometries.Polygon,16214,,1997,MAR,1997,28,None,11,0.23,0.1532,1600,0,9607.82733297759,5769396.62863213,
Geocortex.Gis.Geometries.Polygon,16215,,1997,MAR,1997,28,None,12,0.23,0.1532,1600,0,9607.78646524818,5769347.54745822,
Geocortex.Gis.Geometries.Polygon,16216,,1997,MAR,1997,28,None,13,0.23,0.1532,1600,0,9607.74995402487,5769303.69851241,
Geocortex.Gis.Geometries.Polygon,16217,,1997,MAR,1997,28,None,14,0.23,0.1532,1600,0,9607.74995402487,5769303.69851241,
Geocortex.Gis.Geometries.Polygon,19791,,1997,MAR,1997,1,N,3,0.23,0.1532,1600,0,9607.57505668251,5769093.65427165,
Geocortex.Gis.Geometries.Polygon,19792,,1997,MAR,1997,1,N,4,0.23,0.1532,1600,0,9607.61110893838,5769136.9511992,
Geocortex.Gis.Geometries.Polygon,19793,,1997,MAR,1997,1,N,5,0.23,0.1532,1600,0,9607.64887074884,5769182.30138947,
Geocortex.Gis.Geometries.Polygon,19794,,1997,MAR,1997,1,N,6,0.23,0.1532,1600,0,9607.69448476378,5769237.08193592,
Geocortex.Gis.Geometries.Polygon,19795,,1997,MAR,1997,1,N,7,0.23,0.1532,1600,0,9607.74022069605,5769292.00916813,
Geocortex.Gis.Geometries.Polygon,19796,,1997,MAR,1997,1,N,8,0.23,0.1532,1600,0,9607.78340677936,5769343.87435603,
Geocortex.Gis.Geometries.Polygon,19797,,1997,MAR,1997,1,N,9,0.23,0.1532,1600,0,9607.82665643704,5769395.81609831,
Geocortex.Gis.Geometries.Polygon,19798,,1997,MAR,1997,1,N,10,0.23,0.1532,1600,0,9607.86790097907,5769445.34993904,
Geocortex.Gis.Geometries.Polygon,19799,,1997,MAR,1997,1,N,11,0.23,0.1532,1600,0,9607.90835927531,5769493.93978637,
Geocortex.Gis.Geometries.Polygon,19800,,1997,MAR,1997,1,N,12,0.23,0.1532,1600,0,9607.95513097453,5769550.1122794,
Geocortex.Gis.Geometries.Polygon,19801,,1997,MAR,1997,1,N,13,0.23,0.1532,1600,0,9608.00574770583,5769610.90290112,
Geocortex.Gis.Geometries.Polygon,19802,,1997,MAR,1997,1,N,14,0.23,0.1532,1600,0,9608.04901674791,5769662.86916695,
Geocortex.Gis.Geometries.Polygon,19803,,1997,MAR,1997,1,N,15,0.23,0.1532,1600,0,9608.08900537062,5769710.89585268,
Geocortex.Gis.Geometries.Polygon,19804,,1997,MAR,1997,1,N,16,0.23,0.1532,1600,0,9608.13235866785,5769762.963742,
Geocortex.Gis.Geometries.Polygon,19805,,1997,MAR,1997,1,N,17,0.23,0.1532,1600,0,9608.17323484574,5769812.05679537,
Geocortex.Gis.Geometries.Polygon,19806,,1997,MAR,1997,1,N,18,0.23,0.1532,1600,0,9608.21344561247,5769860.35088349,
Geocortex.Gis.Geometries.Polygon,19807,,1997,MAR,1997,1,N,19,0.23,0.1532,1600,0,9608.25729474468,5769913.01495749,
Geocortex.Gis.Geometries.Polygon,19808,,1997,MAR,1997,2,N,20,0.23,0.1532,1600,0,9608.22360568511,5769872.55344362,
Geocortex.Gis.Geometries.Polygon,19809,,1997,MAR,1997,2,N,21,0.23,0.1532,1600,0,9608.18854534285,5769830.44506263,
Geocortex.Gis.Geometries.Polygon,19810,,1997,MAR,1997,2,N,22,0.23,0.1532,1600,0,9608.15004555179,5769784.20598406,
Geocortex.Gis.Geometries.Polygon,19811,,1997,MAR,1997,2,N,23,0.23,0.1532,1600,0,9608.10729746301,5769732.86482891,
Geocortex.Gis.Geometries.Polygon,19812,,1997,MAR,1997,2,N,24,0.23,0.1532,1600,0,9608.06522053151,5769682.32996351,
Geocortex.Gis.Geometries.Polygon,19813,,1997,MAR,1997,2,N,25,0.23,0.1532,1600,0,9608.0216552317,5769630.0077702,
Geocortex.Gis.Geometries.Polygon,19814,,1997,MAR,1997,2,N,26,0.23,0.1532,1600,0,9607.97823971081,5769577.86575019,
Geocortex.Gis.Geometries.Polygon,19815,,1997,MAR,1997,2,N,27,0.23,0.1532,1600,0,9607.93292908903,5769523.44792007,
Geocortex.Gis.Geometries.Polygon,19816,,1997,MAR,1997,2,N,28,0.23,0.1532,1600,0,9607.89214548925,5769474.46723934,
Geocortex.Gis.Geometries.Polygon,19817,,1997,MAR,1997,2,N,29,0.23,0.1532,1600,0,9607.85324635672,5769427.75003467,
Geocortex.Gis.Geometries.Polygon,19818,,1997,MAR,1997,2,N,30,0.23,0.1532,1600,0,9607.81538963056,5769382.28490645,
Geocortex.Gis.Geometries.Polygon,19819,,1997,MAR,1997,2,N,31,0.23,0.1532,1600,0,9607.77263325817,5769330.93560501,
Geocortex.Gis.Geometries.Polygon,19820,,1997,MAR,1997,2,N,32,0.23,0.1532,1600,0,9607.72987547699,5769279.58487084,
Geocortex.Gis.Geometries.Polygon,19821,,1997,MAR,1997,2,N,33,0.23,0.1532,1600,0,9607.68654816186,5769227.55037844,
Geocortex.Gis.Geometries.Polygon,19822,,1997,MAR,1997,2,N,34,0.23,0.1532,1600,0,9607.64041171248,5769172.14246594,
Geocortex.Gis.Geometries.Polygon,19823,,1997,MAR,1997,2,N,35,0.23,0.1532,1600,0,9607.60407124769,5769128.49928973,
Geocortex.Gis.Geometries.Polygon,19824,,1997,MAR,1997,2,N,36,0.23,0.1532,1600,0,9607.60407124769,5769128.49928973,
Geocortex.Gis.Geometries.Polygon,19825,,1997,MAR,1997,10,E,34,0.23,0.1532,1600,0,9608.68709766287,5770429.23365241,
Geocortex.Gis.Geometries.Polygon,19826,,1997,MAR,1997,10,E,35,0.23,0.1532,1600,0,9608.6362694049,5770368.18473359,
Geocortex.Gis.Geometries.Polygon,19827,,1997,MAR,1997,10,E,36,0.23,0.1532,1600,0,9608.59234175104,5770315.42424942,
Geocortex.Gis.Geometries.Polygon,19828,,1997,MAR,1997,10,E,37,0.23,0.1532,1600,0,9608.54150736213,5770254.36852393,
Geocortex.Gis.Geometries.Polygon,19829,,1997,MAR,1997,10,E,38,0.23,0.1532,1600,0,9608.49001455968,5770192.52231765,
Geocortex.Gis.Geometries.Polygon,19830,,1997,MAR,1997,10,E,39,0.23,0.1532,1600,0,9608.44151490679,5770134.27142186,
Geocortex.Gis.Geometries.Polygon,19831,,1997,MAR,1997,10,E,40,0.23,0.1532,1600,0,9608.44151490679,5770134.27142186,
